date,temperature,rainfall,humidity,wind_speed,pressure,visibility,weather_condition,severity,travel_disruption,road_condition,traffic_density
2023-01-01,13.5,13.5,71.7,4.1,1012.8,4.2,rain,severe,cancellation,wet,36
2023-01-02,11.7,0.6,88.4,14.7,980.7,5.8,storm,moderate,delay,flooded,49
2023-01-03,8.1,5.4,72.0,4.3,1004.0,10.4,rain,moderate,none,wet,54
2023-01-04,15.1,1.6,86.4,8.6,1012.2,13.1,rain,mild,delay,wet,38
2023-01-05,3.9,2.7,78.4,6.6,998.7,8.5,rain,mild,delay,wet,56
2023-01-06,16.7,9.5,80.8,2.8,994.9,7.9,rain,moderate,none,wet,46
2023-01-07,16.0,0.0,34.8,8.0,1013.0,14.9,cloudy,mild,delay,dry,30
2023-01-08,16.0,1.3,77.5,38.6,995.4,16.4,storm,severe,delay,flooded,20
2023-01-09,9.7,7.2,75.6,12.8,1021.6,4.7,rain,moderate,delay,wet,60
2023-01-10,17.4,11.7,85.3,2.1,982.1,1.0,storm,severe,delay,flooded,46
2023-01-11,10.7,0.0,68.9,6.7,990.8,9.9,sunny,mild,none,dry,52
2023-01-12,12.1,6.3,99.6,20.5,992.7,1.0,storm,severe,cancellation,flooded,44
2023-01-13,16.3,19.2,79.6,13.4,1027.1,1.0,rain,severe,delay,wet,50
2023-01-14,16.3,0.0,67.5,7.0,1000.9,8.1,sunny,mild,delay,dry,37
2023-01-15,9.4,0.0,52.2,13.0,993.9,10.9,sunny,moderate,delay,dry,38
2023-01-16,16.7,6.2,89.3,12.3,1012.3,9.2,rain,moderate,none,wet,39
2023-01-17,23.7,7.1,91.4,12.6,977.5,1.0,storm,moderate,delay,flooded,53
2023-01-18,10.2,0.0,40.6,6.8,1011.5,14.4,cloudy,mild,delay,dry,50
2023-01-19,13.6,2.1,75.3,25.5,994.8,7.2,storm,severe,delay,flooded,63
2023-01-20,18.6,0.0,64.1,18.2,1001.5,2.4,cloudy,moderate,delay,dry,42
2023-01-21,18.5,0.0,54.6,3.2,1027.6,15.3,cloudy,mild,none,dry,33
2023-01-22,15.8,6.3,85.0,8.5,1012.6,7.8,rain,moderate,delay,wet,27
2023-01-23,21.5,4.8,87.7,5.8,1004.7,3.8,rain,moderate,none,wet,50
2023-01-24,21.5,21.1,99.3,11.4,1028.4,1.0,rain,severe,cancellation,wet,45
2023-01-25,17.2,2.6,77.5,10.3,1001.6,16.8,storm,moderate,delay,flooded,55
2023-01-26,18.5,0.0,39.9,7.4,1022.7,6.5,sunny,mild,none,dry,33
2023-01-27,15.5,0.0,49.7,3.2,1028.7,3.5,cloudy,mild,none,dry,52
2023-01-28,16.4,5.2,74.9,10.4,1033.5,6.8,rain,moderate,none,wet,31
2023-01-29,14.2,0.0,55.7,7.0,1031.3,1.0,fog,mild,none,slippery,24
2023-01-30,18.8,3.0,95.3,15.5,978.8,5.9,storm,moderate,delay,flooded,53
2023-01-31,14.5,0.0,60.0,4.4,1018.8,1.1,cloudy,mild,none,dry,63
2023-02-01,11.7,3.6,94.8,8.4,1012.6,10.5,rain,moderate,delay,wet,39
2023-02-02,16.5,0.0,52.9,17.3,1001.8,20.5,sunny,moderate,delay,dry,54
2023-02-03,14.8,0.0,47.7,8.9,1009.9,8.5,sunny,mild,none,dry,56
2023-02-04,22.5,3.5,72.4,27.7,987.0,1.0,storm,severe,cancellation,flooded,34
2023-02-05,11.7,13.9,70.3,8.2,1003.2,1.0,rain,severe,delay,wet,22
2023-02-06,21.4,0.0,41.4,6.9,1010.9,8.3,fog,mild,none,slippery,72
2023-02-07,21.4,0.0,69.7,8.7,1011.0,6.1,fog,mild,none,slippery,53
2023-02-08,23.7,5.7,98.5,5.7,1008.9,10.3,rain,moderate,delay,wet,45
2023-02-09,15.7,5.6,90.9,20.7,990.9,7.3,rain,severe,cancellation,wet,54
2023-02-10,23.4,0.0,67.3,7.4,1024.8,9.6,cloudy,mild,delay,dry,41
2023-02-11,18.5,6.1,78.2,7.3,1012.8,5.1,rain,moderate,delay,wet,41
2023-02-12,20.4,1.4,80.7,9.8,1015.4,10.6,rain,mild,none,wet,35
2023-02-13,16.6,0.0,52.4,9.0,1007.5,14.9,sunny,mild,none,dry,56
2023-02-14,18.3,0.0,44.0,1.2,1006.6,1.3,cloudy,mild,delay,dry,47
2023-02-15,27.9,0.0,54.9,7.1,993.0,9.7,cloudy,mild,delay,dry,50
2023-02-16,20.2,0.0,35.1,3.7,1009.2,4.5,sunny,mild,delay,dry,49
2023-02-17,23.5,2.5,83.8,9.0,979.4,5.3,storm,mild,none,flooded,54
2023-02-18,15.2,0.0,33.3,9.9,1008.9,8.9,cloudy,mild,delay,dry,24
2023-02-19,13.8,12.4,71.1,11.7,1018.5,1.0,rain,severe,cancellation,wet,30
2023-02-20,13.5,5.8,70.6,6.9,999.4,2.1,rain,moderate,delay,wet,52
2023-02-21,17.3,0.0,53.5,8.8,1010.0,7.8,sunny,mild,none,dry,47
2023-02-22,29.8,0.0,69.5,6.6,996.0,12.8,sunny,mild,none,dry,44
2023-02-23,22.3,2.4,73.4,50.2,988.9,7.6,storm,severe,cancellation,flooded,57
2023-02-24,22.7,8.5,93.1,5.7,1004.4,1.0,rain,moderate,delay,wet,50
2023-02-25,25.5,0.9,86.0,8.1,1008.5,7.2,rain,mild,none,wet,27
2023-02-26,25.1,12.9,80.5,7.3,1011.7,1.0,rain,severe,delay,wet,20
2023-02-27,22.0,0.0,38.1,12.6,1011.1,8.4,cloudy,moderate,delay,dry,50
2023-02-28,21.2,0.0,62.7,7.1,989.6,5.0,cloudy,mild,none,dry,55
2023-03-01,27.0,2.3,80.0,9.9,1012.9,9.9,rain,mild,none,wet,51
2023-03-02,20.9,0.0,42.5,4.1,1018.3,5.7,sunny,mild,none,dry,47
2023-03-03,21.8,2.1,76.9,4.0,1019.6,13.2,rain,mild,none,wet,54
2023-03-04,14.4,13.3,74.6,17.2,1011.8,12.6,rain,severe,cancellation,wet,40
2023-03-05,24.5,0.0,53.1,4.1,1014.4,3.3,cloudy,mild,delay,dry,40
2023-03-06,32.9,22.7,80.1,2.4,1015.2,1.0,rain,severe,cancellation,wet,62
2023-03-07,15.3,1.1,75.3,3.9,1007.4,1.0,rain,mild,delay,wet,47
2023-03-08,23.4,0.0,56.5,1.1,1007.3,4.5,sunny,mild,delay,dry,50
2023-03-09,24.8,4.5,71.1,4.6,1035.7,1.0,rain,moderate,none,wet,56
2023-03-10,13.5,0.0,36.2,9.1,997.6,11.4,fog,mild,none,slippery,45
2023-03-11,22.7,7.1,76.7,4.1,977.3,7.9,storm,moderate,none,flooded,22
2023-03-12,18.5,3.8,95.7,11.3,1007.7,5.2,rain,moderate,delay,wet,25
2023-03-13,30.0,0.0,33.4,1.1,1013.3,3.7,cloudy,mild,delay,dry,57
2023-03-14,16.5,7.7,86.6,7.3,992.5,1.1,rain,moderate,cancellation,wet,56
2023-03-15,29.2,0.0,47.0,12.7,1009.7,20.8,sunny,moderate,none,dry,50
2023-03-16,27.8,1.0,94.9,25.7,990.5,10.5,storm,severe,cancellation,flooded,53
2023-03-17,29.4,0.0,45.3,7.4,1003.8,10.1,sunny,mild,delay,dry,38
2023-03-18,19.9,1.4,87.0,5.9,1030.8,7.4,rain,mild,delay,wet,34
2023-03-19,21.7,5.5,80.0,23.8,981.5,6.8,storm,severe,delay,flooded,34
2023-03-20,16.9,0.0,62.0,13.1,1006.0,4.6,cloudy,moderate,delay,dry,39
2023-03-21,29.4,1.4,92.0,14.4,1007.7,11.7,rain,moderate,delay,wet,58
2023-03-22,30.2,8.9,78.9,27.3,986.3,2.7,storm,severe,cancellation,flooded,58
2023-03-23,28.2,0.0,53.9,1.9,1005.7,8.5,sunny,mild,none,dry,47
2023-03-24,32.1,5.8,96.6,9.9,996.5,8.3,rain,moderate,none,wet,59
2023-03-25,28.5,0.0,69.9,12.7,1010.5,16.1,cloudy,moderate,delay,dry,32
2023-03-26,21.5,0.0,46.7,12.1,1025.8,7.4,sunny,moderate,none,dry,28
2023-03-27,24.8,6.0,76.5,26.7,983.3,1.1,storm,severe,cancellation,flooded,65
2023-03-28,30.8,0.0,39.2,8.5,1026.2,7.4,sunny,mild,delay,dry,47
2023-03-29,22.0,0.0,67.1,14.7,1024.2,7.1,cloudy,moderate,none,dry,57
2023-03-30,32.7,15.7,78.0,14.5,1015.4,2.9,rain,severe,cancellation,wet,38
2023-03-31,24.8,15.7,90.5,12.5,950.2,1.0,storm,severe,cancellation,flooded,58
2023-04-01,16.8,0.0,61.9,14.5,1014.6,14.7,cloudy,moderate,delay,dry,36
2023-04-02,27.1,0.0,60.1,9.8,1008.3,10.7,sunny,mild,delay,dry,24
2023-04-03,23.9,0.0,54.7,5.8,1010.0,10.1,sunny,mild,none,dry,51
2023-04-04,25.4,7.4,98.0,10.0,1010.5,1.9,rain,moderate,delay,wet,54
2023-04-05,25.9,0.0,54.8,6.5,1004.4,11.9,cloudy,mild,none,dry,50
2023-04-06,16.4,0.0,47.0,24.2,1005.9,3.9,cloudy,severe,cancellation,dry,44
2023-04-07,24.0,0.0,40.9,10.3,1016.5,9.5,cloudy,moderate,delay,dry,48
2023-04-08,29.4,0.0,38.5,5.1,1007.9,10.4,sunny,mild,delay,dry,35
2023-04-09,23.7,0.0,55.0,12.0,1012.0,13.5,cloudy,moderate,delay,dry,22
2023-04-10,18.0,0.0,32.6,8.2,1006.8,2.0,cloudy,mild,none,dry,49
2023-04-11,27.6,22.0,95.8,10.9,1005.0,1.0,rain,severe,delay,wet,50
2023-04-12,24.5,0.0,30.4,9.1,1012.1,1.0,sunny,mild,none,dry,30
2023-04-13,33.7,7.9,75.0,11.8,987.8,1.0,storm,moderate,delay,flooded,54
2023-04-14,21.7,0.0,33.2,13.0,1020.9,10.6,cloudy,moderate,delay,dry,53
2023-04-15,29.3,0.0,32.4,2.9,1003.5,7.6,cloudy,mild,none,dry,24
2023-04-16,39.3,0.0,39.1,11.3,1009.0,4.4,cloudy,moderate,none,dry,29
2023-04-17,27.3,0.0,47.0,11.7,997.7,2.7,fog,moderate,none,slippery,59
2023-04-18,29.8,4.9,78.3,7.4,1018.0,7.0,rain,moderate,none,wet,53
2023-04-19,26.3,0.0,37.2,15.5,1003.1,11.6,cloudy,moderate,none,dry,59
2023-04-20,22.8,0.0,53.7,6.7,1006.4,4.4,fog,mild,none,slippery,53
2023-04-21,16.4,0.0,36.8,2.8,1007.3,1.0,cloudy,mild,none,dry,44
2023-04-22,25.3,0.0,36.7,4.3,1006.8,20.4,cloudy,mild,delay,dry,31
2023-04-23,23.6,4.9,71.2,41.5,983.7,1.0,storm,severe,cancellation,flooded,27
2023-04-24,28.4,6.5,84.7,21.3,976.3,6.8,storm,severe,delay,flooded,46
2023-04-25,20.6,16.7,90.8,4.4,1009.7,6.7,rain,severe,cancellation,wet,59
2023-04-26,29.2,11.2,81.8,10.4,1002.3,2.6,rain,severe,cancellation,wet,59
2023-04-27,26.4,0.0,43.1,7.2,1013.6,15.2,cloudy,mild,delay,dry,49
2023-04-28,26.3,1.5,83.5,7.0,993.6,5.6,rain,mild,none,wet,37
2023-04-29,16.7,0.0,48.5,9.8,1019.8,8.4,cloudy,mild,none,dry,28
2023-04-30,34.8,0.0,62.5,12.0,1017.3,8.7,fog,moderate,none,slippery,40
2023-05-01,25.0,2.3,86.2,12.7,1000.2,12.7,rain,moderate,delay,wet,45
2023-05-02,15.1,2.1,73.2,27.8,990.5,1.0,storm,severe,cancellation,flooded,50
2023-05-03,25.0,0.0,55.3,2.1,1011.2,12.7,cloudy,mild,delay,dry,44
2023-05-04,28.4,0.0,44.1,15.2,1007.0,13.7,sunny,moderate,delay,dry,48
2023-05-05,19.0,19.5,95.9,11.6,997.6,1.0,rain,severe,delay,wet,53
2023-05-06,21.7,0.0,45.6,5.1,1009.1,22.9,fog,mild,none,slippery,33
2023-05-07,25.1,14.3,72.6,2.9,999.0,1.0,rain,severe,delay,wet,20
2023-05-08,23.3,1.1,86.0,10.3,998.3,3.0,rain,moderate,delay,wet,51
2023-05-09,24.7,5.3,76.0,27.1,975.9,6.2,storm,severe,cancellation,flooded,56
2023-05-10,19.1,0.0,69.7,4.1,995.9,10.4,cloudy,mild,none,dry,53
2023-05-11,25.5,0.0,63.0,3.7,1017.1,14.8,sunny,mild,none,dry,45
2023-05-12,12.3,7.2,88.0,7.7,1018.4,4.4,rain,moderate,delay,wet,40
2023-05-13,22.6,6.4,72.4,6.0,998.1,3.2,rain,moderate,delay,wet,32
2023-05-14,21.0,8.9,75.2,12.0,984.7,3.2,rain,moderate,none,wet,28
2023-05-15,21.2,7.3,79.4,18.8,956.1,5.6,storm,moderate,none,flooded,53
2023-05-16,15.9,0.0,61.2,2.5,1014.2,6.6,fog,mild,none,slippery,44
2023-05-17,20.3,6.3,99.9,8.4,1003.7,7.2,rain,moderate,delay,wet,53
2023-05-18,26.4,4.5,82.4,16.9,994.9,9.1,storm,moderate,delay,flooded,50
2023-05-19,24.0,5.4,77.2,1.1,998.8,5.6,rain,moderate,none,wet,51
2023-05-20,22.9,0.0,49.5,3.2,1005.6,5.6,cloudy,mild,none,dry,28
2023-05-21,16.5,10.2,77.6,7.6,1009.1,6.4,rain,severe,cancellation,wet,32
2023-05-22,21.9,2.8,71.3,10.7,1012.4,5.5,rain,moderate,none,wet,37
2023-05-23,15.4,0.0,44.0,5.9,1023.0,13.4,sunny,mild,none,dry,39
2023-05-24,25.0,0.0,30.8,5.5,1020.0,6.2,cloudy,mild,none,dry,43
2023-05-25,22.2,0.0,31.7,8.7,1022.2,17.3,cloudy,mild,delay,dry,53
2023-05-26,27.8,3.0,88.4,7.6,997.2,6.5,rain,moderate,delay,wet,53
2023-05-27,17.2,0.0,63.9,14.1,1008.3,11.4,cloudy,moderate,delay,dry,36
2023-05-28,13.2,0.0,69.4,8.9,1015.0,9.5,cloudy,mild,delay,dry,25
2023-05-29,17.7,0.0,51.7,11.5,1012.4,23.0,sunny,moderate,delay,dry,54
2023-05-30,14.8,0.0,30.4,7.9,1014.8,14.1,fog,mild,none,slippery,48
2023-05-31,13.1,8.3,93.5,6.6,1024.5,2.7,rain,moderate,delay,wet,47
2023-06-01,17.6,2.5,87.8,14.7,989.1,1.0,rain,moderate,delay,wet,47
2023-06-02,8.5,19.4,86.8,9.3,1007.0,4.8,rain,severe,cancellation,wet,57
2023-06-03,23.1,0.0,33.1,8.3,1008.3,7.7,cloudy,mild,delay,dry,35
2023-06-04,13.3,0.7,87.9,12.5,986.9,12.3,storm,moderate,delay,flooded,32
2023-06-05,14.7,10.5,75.5,9.4,995.9,1.0,rain,severe,delay,wet,45
2023-06-06,14.0,1.0,75.6,13.6,1008.1,16.1,rain,moderate,delay,wet,41
2023-06-07,1.8,0.0,60.6,11.4,1008.4,11.8,sunny,moderate,delay,dry,37
2023-06-08,10.4,6.5,92.8,14.1,982.8,12.3,storm,moderate,none,flooded,50
2023-06-09,14.3,5.4,97.0,6.5,998.7,6.0,rain,moderate,cancellation,wet,35
2023-06-10,18.0,1.8,99.2,7.9,1015.7,1.0,rain,mild,none,wet,23
2023-06-11,21.0,10.1,91.7,14.0,1036.6,2.8,rain,severe,cancellation,wet,21
2023-06-12,13.1,3.5,86.4,25.6,1005.1,7.3,storm,severe,cancellation,flooded,49
2023-06-13,11.1,0.0,40.3,4.7,1005.2,5.2,cloudy,mild,none,dry,44
2023-06-14,14.1,0.0,51.5,15.5,1002.6,5.1,cloudy,moderate,delay,dry,47
2023-06-15,14.2,0.0,50.9,4.8,1019.2,6.7,cloudy,mild,none,dry,57
2023-06-16,7.9,0.0,61.7,10.9,1011.2,14.2,fog,moderate,none,slippery,43
2023-06-17,11.6,0.0,36.1,10.3,1030.6,4.7,sunny,moderate,delay,dry,35
2023-06-18,14.8,0.0,55.4,10.5,1009.5,4.1,sunny,moderate,delay,dry,30
2023-06-19,11.9,0.0,59.3,2.9,1013.4,8.5,cloudy,mild,none,dry,54
2023-06-20,2.3,3.0,80.1,13.3,1015.5,3.4,rain,moderate,delay,wet,39
2023-06-21,20.8,3.9,80.6,9.8,1009.0,13.0,rain,moderate,cancellation,wet,53
2023-06-22,18.4,0.0,37.0,2.7,998.8,8.0,cloudy,mild,none,dry,53
2023-06-23,14.8,0.0,38.5,6.0,1015.1,10.9,cloudy,mild,delay,dry,56
2023-06-24,15.3,16.6,83.8,7.7,1011.4,2.3,rain,severe,delay,wet,29
2023-06-25,10.6,0.0,41.7,14.0,1014.2,11.0,cloudy,moderate,none,dry,27
2023-06-26,13.0,6.4,77.3,3.2,1003.5,4.8,rain,moderate,delay,wet,52
2023-06-27,9.6,6.8,75.6,14.9,1019.0,4.0,rain,moderate,delay,wet,50
2023-06-28,10.1,0.0,34.6,9.6,1019.8,12.5,cloudy,mild,none,dry,50
2023-06-29,13.2,12.4,88.2,7.7,1022.2,8.8,rain,severe,cancellation,wet,44
2023-06-30,21.2,4.3,92.3,9.6,1032.9,7.1,rain,moderate,none,wet,45
2023-07-01,8.0,2.8,84.5,15.9,989.5,1.6,storm,moderate,none,flooded,25
2023-07-02,8.3,2.6,85.4,23.0,988.8,7.0,storm,severe,delay,flooded,21
2023-07-03,15.0,5.1,99.8,11.0,1006.0,2.7,rain,moderate,delay,wet,48
2023-07-04,13.2,0.0,63.0,6.1,1025.3,10.7,cloudy,mild,none,dry,47
2023-07-05,6.0,13.5,80.6,7.2,980.1,1.0,storm,severe,cancellation,flooded,47
2023-07-06,11.0,5.8,73.6,11.3,1017.6,1.0,rain,moderate,none,wet,48
2023-07-07,9.1,0.6,95.4,10.3,1017.3,6.3,rain,moderate,delay,wet,45
2023-07-08,17.2,0.0,61.9,7.7,1012.9,11.3,fog,mild,none,slippery,27
2023-07-09,13.2,10.8,82.9,4.3,1000.4,1.0,rain,severe,delay,wet,32
2023-07-10,-0.6,2.5,80.9,24.1,1003.9,5.7,storm,severe,delay,flooded,50
2023-07-11,7.0,0.0,31.2,2.0,1014.1,4.5,sunny,mild,delay,dry,49
2023-07-12,5.5,0.0,68.2,3.5,1017.0,8.3,cloudy,mild,delay,dry,68
2023-07-13,1.1,5.6,92.9,8.8,1007.8,11.7,rain,moderate,delay,wet,45
2023-07-14,-3.1,8.5,83.3,3.9,1007.9,14.9,rain,moderate,delay,wet,53
2023-07-15,4.3,0.0,49.0,2.0,997.2,2.4,fog,mild,delay,slippery,34
2023-07-16,7.5,0.0,61.6,3.7,1012.7,8.3,sunny,mild,delay,dry,41
2023-07-17,11.7,4.8,78.6,6.9,1016.4,2.5,rain,moderate,delay,wet,50
2023-07-18,11.8,0.0,52.9,12.0,1006.6,15.8,cloudy,moderate,none,dry,60
2023-07-19,4.5,0.0,67.1,9.9,1009.8,8.1,cloudy,mild,delay,dry,54
2023-07-20,2.2,9.1,70.3,17.8,1004.6,7.0,rain,moderate,none,wet,55
2023-07-21,7.2,0.0,56.3,12.1,1004.1,12.9,cloudy,moderate,none,dry,50
2023-07-22,7.1,4.3,98.4,12.9,1004.5,1.0,rain,moderate,none,wet,30
2023-07-23,5.6,0.0,32.9,2.3,993.9,6.2,sunny,mild,none,dry,28
2023-07-24,7.5,1.6,80.7,9.6,1001.5,10.4,rain,mild,delay,wet,50
2023-07-25,0.9,0.0,39.7,10.7,1011.9,14.2,cloudy,moderate,delay,dry,50
2023-07-26,6.7,0.0,49.9,5.6,1003.1,8.0,cloudy,mild,none,dry,55
2023-07-27,2.0,5.6,77.4,0.6,1001.4,11.1,rain,moderate,none,wet,47
2023-07-28,8.5,0.0,47.4,14.9,1003.4,8.9,fog,moderate,none,slippery,54
2023-07-29,6.9,7.3,92.8,18.4,1001.8,4.6,rain,moderate,none,wet,22
2023-07-30,3.9,0.0,44.4,2.2,1010.0,13.0,cloudy,mild,none,dry,25
2023-07-31,0.4,13.0,76.4,34.5,981.3,10.1,storm,severe,cancellation,flooded,44
2023-08-01,-1.2,0.0,59.5,10.3,1005.8,15.4,sunny,moderate,delay,dry,45
2023-08-02,-4.6,0.8,81.4,3.0,986.2,8.2,storm,mild,none,flooded,48
2023-08-03,-2.9,0.0,48.6,1.0,1010.2,12.7,cloudy,mild,none,dry,56
2023-08-04,0.6,0.0,30.7,5.6,1011.9,14.9,cloudy,mild,none,dry,47
2023-08-05,-2.1,8.1,79.1,7.1,1016.8,3.0,rain,moderate,delay,wet,30
2023-08-06,-6.8,0.0,61.4,16.9,1010.2,11.2,fog,moderate,none,slippery,28
2023-08-07,7.6,7.5,94.3,10.0,972.0,11.9,storm,moderate,delay,flooded,45
2023-08-08,-0.3,0.0,58.3,14.9,991.6,4.6,fog,moderate,delay,slippery,44
2023-08-09,-0.0,0.0,41.0,2.8,1008.2,16.9,cloudy,mild,none,dry,33
2023-08-10,-1.6,7.6,98.5,11.7,985.5,5.5,storm,moderate,none,flooded,49
2023-08-11,2.5,5.1,84.3,4.2,1000.4,10.1,rain,moderate,delay,wet,53
2023-08-12,0.1,0.0,30.4,1.1,1025.6,13.1,sunny,mild,none,dry,25
2023-08-13,-1.1,0.0,33.8,11.4,1005.6,9.7,cloudy,moderate,delay,dry,22
2023-08-14,-3.5,12.1,97.6,11.8,1011.0,3.3,rain,severe,delay,wet,56
2023-08-15,6.5,0.0,37.7,5.2,997.6,2.4,sunny,mild,none,dry,52
2023-08-16,-0.4,0.0,60.4,8.5,1001.0,3.3,cloudy,mild,delay,dry,60
2023-08-17,-2.6,0.0,53.6,4.8,975.3,7.2,cloudy,mild,none,dry,37
2023-08-18,-6.1,0.0,46.4,8.4,1014.4,12.0,sunny,mild,none,dry,56
2023-08-19,-10.0,6.3,73.8,2.0,1016.9,1.0,rain,moderate,none,wet,27
2023-08-20,2.1,1.7,82.7,34.3,974.4,2.6,storm,severe,cancellation,flooded,36
2023-08-21,-4.4,12.8,72.4,10.4,1028.0,1.7,rain,severe,delay,wet,56
2023-08-22,-9.6,0.0,60.4,11.2,1017.9,10.2,cloudy,moderate,delay,dry,63
2023-08-23,-6.6,0.0,48.5,11.2,1012.3,12.5,cloudy,moderate,delay,dry,45
2023-08-24,0.3,8.7,98.4,9.1,986.1,2.7,rain,moderate,none,wet,56
2023-08-25,-9.7,3.7,86.4,32.6,1003.2,7.2,storm,severe,cancellation,flooded,42
2023-08-26,-7.2,0.0,36.3,14.2,1007.2,4.4,cloudy,moderate,delay,dry,35
2023-08-27,-7.5,0.0,63.3,9.2,1006.3,10.7,cloudy,mild,none,dry,27
2023-08-28,3.5,0.0,32.7,7.2,1001.3,6.5,cloudy,mild,none,dry,46
2023-08-29,2.0,12.5,82.6,4.7,1021.5,1.0,rain,severe,delay,wet,45
2023-08-30,-1.5,0.0,50.7,2.6,1007.7,5.4,cloudy,mild,delay,dry,48
2023-08-31,-3.4,1.2,89.7,14.6,985.9,11.0,storm,moderate,none,flooded,46
2023-09-01,4.4,0.0,30.6,5.6,1022.5,15.9,cloudy,mild,none,dry,45
2023-09-02,1.9,0.0,34.2,17.1,1015.5,11.7,sunny,moderate,delay,dry,33
2023-09-03,-11.0,7.3,82.0,44.4,981.1,6.3,storm,severe,cancellation,flooded,50
2023-09-04,-2.3,3.7,77.8,7.5,1026.8,4.6,rain,moderate,none,wet,52
2023-09-05,0.5,0.0,38.0,3.1,1000.3,11.8,sunny,mild,none,dry,43
2023-09-06,-0.8,14.9,72.4,26.4,982.0,1.0,storm,severe,cancellation,flooded,51
2023-09-07,-1.4,0.0,59.5,11.7,1002.4,10.2,sunny,moderate,cancellation,dry,52
2023-09-08,-2.3,8.3,88.9,7.8,1018.3,1.0,rain,moderate,delay,wet,49
2023-09-09,-6.4,0.0,42.0,1.5,992.3,6.5,cloudy,mild,delay,dry,22
2023-09-10,-4.0,2.8,75.6,2.7,1005.1,11.8,rain,mild,delay,wet,33
2023-09-11,-2.4,5.4,80.6,6.6,993.4,8.1,rain,moderate,delay,wet,46
2023-09-12,-1.5,0.0,65.1,16.8,1007.7,5.7,cloudy,moderate,delay,dry,43
2023-09-13,-3.4,0.0,47.6,11.7,1011.6,4.5,cloudy,moderate,none,dry,54
2023-09-14,-2.6,5.4,70.6,7.4,1002.4,2.1,storm,moderate,none,flooded,44
2023-09-15,-10.7,0.0,32.3,5.3,996.2,7.2,sunny,mild,delay,dry,52
2023-09-16,4.8,6.7,85.0,4.3,1020.2,3.5,rain,moderate,delay,wet,30
2023-09-17,-6.3,0.0,57.7,3.9,1002.1,7.6,cloudy,mild,none,dry,30
2023-09-18,-11.1,4.8,90.7,9.9,1002.4,7.5,rain,moderate,delay,wet,57
2023-09-19,4.1,4.1,96.5,13.9,1024.3,2.7,rain,moderate,delay,wet,43
2023-09-20,-5.1,0.0,51.7,7.0,1003.9,11.1,sunny,mild,delay,dry,51
2023-09-21,-7.9,4.3,91.7,7.9,1022.9,11.4,rain,moderate,none,wet,44
2023-09-22,-1.8,8.1,93.0,6.6,999.0,5.6,storm,moderate,delay,flooded,57
2023-09-23,2.2,8.2,96.7,4.7,1013.6,4.5,rain,moderate,delay,wet,32
2023-09-24,4.4,0.0,49.0,4.1,1021.1,5.1,sunny,mild,none,dry,25
2023-09-25,-0.3,1.3,81.5,10.9,1010.3,11.5,rain,moderate,delay,wet,45
2023-09-26,0.2,1.3,90.8,4.6,1021.1,11.3,rain,mild,none,wet,53
2023-09-27,-11.8,0.0,37.5,12.0,1012.6,7.3,sunny,moderate,delay,dry,44
2023-09-28,-1.6,3.9,97.0,6.3,1005.3,10.1,rain,moderate,delay,wet,37
2023-09-29,0.8,0.0,64.3,12.8,1001.9,9.5,sunny,moderate,none,dry,47
2023-09-30,-7.5,0.0,56.2,6.1,1016.2,16.6,cloudy,mild,none,dry,36
2023-10-01,-0.2,0.0,53.2,9.4,1013.3,18.8,sunny,mild,none,dry,40
2023-10-02,-7.5,0.0,69.8,4.9,1016.3,14.4,cloudy,mild,none,dry,49
2023-10-03,-2.2,0.0,50.0,4.3,1008.4,15.6,cloudy,mild,none,dry,42
2023-10-04,0.4,0.0,58.2,4.4,1029.9,7.3,cloudy,mild,none,dry,52
2023-10-05,-9.9,0.0,36.1,7.2,1040.6,1.7,fog,mild,none,slippery,52
2023-10-06,-2.2,2.5,96.5,36.5,983.5,2.4,storm,severe,cancellation,flooded,60
2023-10-07,-1.8,0.0,62.1,5.8,1012.5,14.1,fog,mild,none,slippery,36
2023-10-08,-5.9,2.6,76.9,12.2,967.7,6.7,storm,moderate,none,flooded,24
2023-10-09,-13.4,0.0,43.1,12.7,1005.4,4.9,sunny,moderate,none,dry,47
2023-10-10,-8.6,3.7,74.6,35.4,988.3,6.9,storm,severe,delay,flooded,51
2023-10-11,-9.0,1.7,84.6,5.7,1010.2,8.2,rain,mild,none,wet,57
2023-10-12,-8.9,7.4,95.9,12.3,1026.4,6.0,rain,moderate,delay,wet,47
2023-10-13,-14.3,1.2,82.2,14.0,1004.7,1.0,rain,moderate,delay,wet,40
2023-10-14,-3.3,0.0,49.6,9.3,997.4,3.8,cloudy,mild,none,dry,33
2023-10-15,-1.2,0.0,41.1,4.5,1003.9,7.3,cloudy,mild,none,dry,31
2023-10-16,-8.1,4.2,93.9,13.7,1015.2,1.8,rain,moderate,none,wet,44
2023-10-17,-1.7,11.4,83.7,10.2,977.9,1.0,storm,severe,cancellation,flooded,62
2023-10-18,-2.9,4.3,92.8,19.8,984.6,1.0,storm,moderate,delay,flooded,56
2023-10-19,-7.3,0.0,54.6,8.5,998.9,10.1,cloudy,mild,none,dry,49
2023-10-20,0.2,1.1,73.3,28.4,982.0,1.6,storm,severe,delay,flooded,47
2023-10-21,-0.3,6.4,87.0,10.6,1005.5,4.0,rain,moderate,none,wet,30
2023-10-22,-0.7,7.2,90.4,9.7,1012.0,8.6,rain,moderate,cancellation,wet,38
2023-10-23,-6.2,9.9,79.4,53.7,995.4,1.0,storm,severe,cancellation,flooded,45
2023-10-24,-5.0,0.0,37.4,16.6,1016.4,9.0,sunny,moderate,none,dry,42
2023-10-25,-3.3,0.1,89.9,8.0,1018.2,14.0,rain,mild,none,wet,61
2023-10-26,-0.4,0.0,46.1,7.3,998.8,8.6,cloudy,mild,none,dry,43
2023-10-27,-0.5,5.9,79.0,8.2,1027.1,1.0,rain,moderate,none,wet,40
2023-10-28,6.6,0.0,59.3,6.5,1015.4,11.0,cloudy,mild,none,dry,28
2023-10-29,-3.9,5.4,73.6,7.9,1011.5,2.3,rain,moderate,delay,wet,30
2023-10-30,-1.5,4.4,77.8,20.3,1009.3,8.7,rain,severe,delay,wet,34
2023-10-31,-10.6,0.0,40.1,9.8,1007.7,1.0,cloudy,mild,delay,dry,49
2023-11-01,2.3,1.9,84.5,7.9,1003.6,6.2,rain,mild,none,wet,57
2023-11-02,0.0,6.8,90.5,16.5,1008.1,2.0,rain,moderate,delay,wet,48
2023-11-03,-2.4,0.0,52.5,18.8,1006.6,10.9,cloudy,moderate,none,dry,52
2023-11-04,-3.5,0.0,46.1,8.9,1003.7,12.0,cloudy,mild,none,dry,26
2023-11-05,-0.2,11.0,75.5,7.1,1022.9,2.8,rain,severe,delay,wet,29
2023-11-06,-3.8,0.0,39.3,9.0,1027.5,10.1,fog,mild,none,slippery,62
2023-11-07,5.3,0.0,57.1,8.7,1004.4,18.1,cloudy,mild,none,dry,58
2023-11-08,-4.4,0.0,45.2,7.5,1008.1,11.5,cloudy,mild,none,dry,50
2023-11-09,-2.8,0.0,30.3,5.6,1009.1,17.5,sunny,mild,none,dry,48
2023-11-10,-5.0,5.3,73.6,10.8,1006.6,1.0,rain,moderate,delay,wet,51
2023-11-11,1.5,13.3,81.8,7.4,980.2,4.6,storm,severe,delay,flooded,25
2023-11-12,7.1,0.0,35.4,19.2,1014.9,8.2,fog,moderate,delay,slippery,18
2023-11-13,-2.8,0.0,30.5,9.4,1009.2,6.6,sunny,mild,none,dry,48
2023-11-14,4.2,0.0,58.4,5.7,1014.7,8.7,sunny,mild,none,dry,34
2023-11-15,-3.6,0.0,62.7,5.1,1016.6,1.0,cloudy,mild,none,dry,43
2023-11-16,-3.5,0.6,74.8,8.7,1003.2,16.1,rain,mild,delay,wet,42
2023-11-17,1.3,14.9,81.8,1.9,1001.3,1.0,rain,severe,cancellation,wet,45
2023-11-18,2.9,0.0,39.2,5.9,995.3,7.5,cloudy,mild,delay,dry,33
2023-11-19,-3.8,12.1,72.4,14.0,991.1,5.9,storm,severe,cancellation,flooded,37
2023-11-20,-7.4,0.7,95.5,9.1,1019.3,12.2,rain,mild,none,wet,56
2023-11-21,3.8,0.0,64.6,5.4,1002.8,7.7,cloudy,mild,none,dry,52
2023-11-22,5.1,0.0,41.0,7.5,1002.6,13.6,cloudy,mild,none,dry,53
2023-11-23,2.3,2.1,92.0,5.4,982.1,1.0,storm,mild,delay,flooded,46
2023-11-24,-4.3,16.7,78.9,11.0,987.2,1.0,storm,severe,delay,flooded,60
2023-11-25,-2.6,0.0,54.0,3.1,1010.0,13.1,cloudy,mild,none,dry,34
2023-11-26,0.3,0.0,66.0,10.9,1016.4,15.3,cloudy,moderate,cancellation,dry,26
2023-11-27,7.6,12.9,91.9,3.2,996.7,1.0,storm,severe,cancellation,flooded,47
2023-11-28,3.1,7.9,91.9,7.2,1006.2,5.0,rain,moderate,none,wet,55
2023-11-29,8.0,5.5,85.4,22.8,986.0,1.4,storm,severe,delay,flooded,52
2023-11-30,-0.8,4.0,83.3,52.3,995.7,7.3,storm,severe,cancellation,flooded,52
2023-12-01,11.0,2.2,74.0,6.2,1000.8,9.9,rain,mild,none,wet,54
2023-12-02,2.8,0.0,54.8,11.4,1020.8,7.7,cloudy,moderate,delay,dry,24
2023-12-03,-5.6,0.0,49.1,3.4,1021.2,21.6,sunny,mild,none,dry,22
2023-12-04,6.6,0.0,31.7,13.1,997.3,19.9,sunny,moderate,delay,dry,52
2023-12-05,3.4,0.0,59.2,9.4,1024.0,3.3,cloudy,mild,none,dry,54
2023-12-06,-1.4,11.4,92.7,7.1,987.4,1.0,rain,severe,cancellation,wet,44
2023-12-07,3.5,0.0,43.6,2.5,1013.4,3.7,cloudy,mild,delay,dry,49
2023-12-08,4.3,4.2,83.3,26.0,994.6,4.0,storm,severe,cancellation,flooded,64
2023-12-09,5.3,0.0,49.1,4.1,1024.5,19.0,cloudy,mild,none,dry,23
2023-12-10,15.5,11.2,80.4,9.3,1011.8,8.0,rain,severe,delay,wet,31
2023-12-11,4.6,4.7,72.4,23.8,997.0,7.8,storm,severe,delay,flooded,49
2023-12-12,1.6,0.0,35.0,16.8,1019.0,12.8,sunny,moderate,delay,dry,50
2023-12-13,1.4,0.0,49.3,10.6,1003.3,8.0,cloudy,moderate,delay,dry,47
2023-12-14,4.5,0.0,47.7,4.9,1018.1,11.6,sunny,mild,delay,dry,51
2023-12-15,12.0,0.0,53.9,12.4,1015.2,9.5,cloudy,moderate,delay,dry,44
2023-12-16,13.2,0.0,39.1,8.6,1015.5,7.0,cloudy,mild,none,dry,24
2023-12-17,7.6,6.2,95.2,17.4,960.0,5.1,storm,moderate,none,flooded,20
2023-12-18,0.8,0.0,52.3,14.5,1011.8,3.3,cloudy,moderate,none,dry,46
2023-12-19,7.2,1.9,99.7,16.6,988.2,9.1,storm,moderate,none,flooded,47
2023-12-20,12.9,12.5,82.5,20.5,986.1,2.5,storm,severe,cancellation,flooded,46
2023-12-21,9.9,3.2,84.3,22.2,976.0,1.0,storm,severe,cancellation,flooded,59
2023-12-22,9.3,4.8,80.0,12.7,1004.5,14.2,rain,moderate,delay,wet,59
2023-12-23,6.7,0.0,46.1,8.9,999.3,10.8,sunny,mild,none,dry,28
2023-12-24,8.2,12.4,80.7,7.4,998.3,7.6,rain,severe,delay,wet,29
2023-12-25,17.7,0.0,59.7,4.9,1009.5,9.2,cloudy,mild,none,dry,45
2023-12-26,12.0,0.0,49.5,9.7,1018.3,8.0,cloudy,mild,none,dry,50
2023-12-27,5.9,9.9,98.2,9.4,1000.9,1.5,rain,moderate,none,wet,53
2023-12-28,2.7,4.9,87.3,14.1,1010.5,7.2,rain,moderate,delay,wet,48
2023-12-29,14.0,0.0,37.2,9.2,1001.7,6.8,sunny,mild,none,dry,51
2023-12-30,10.1,1.5,82.0,5.8,1023.4,14.7,rain,mild,delay,wet,40
2023-12-31,21.5,1.2,98.0,10.7,1016.5,7.2,rain,moderate,none,wet,26
2024-01-01,20.5,5.0,92.8,11.9,1001.9,1.0,rain,moderate,none,wet,64
2024-01-02,14.3,0.0,45.7,18.4,1020.5,11.9,cloudy,moderate,delay,dry,43
2024-01-03,6.7,11.8,78.1,7.2,1017.6,3.5,rain,severe,cancellation,wet,47
2024-01-04,7.9,0.0,37.3,13.7,1008.8,12.3,sunny,moderate,none,dry,50
2024-01-05,12.6,5.9,95.7,14.0,1004.4,7.4,rain,moderate,delay,wet,65
2024-01-06,12.3,19.4,94.1,6.1,1008.7,1.0,rain,severe,cancellation,wet,34
2024-01-07,15.9,0.0,58.2,3.8,1005.7,14.2,sunny,mild,delay,dry,24
2024-01-08,17.8,0.0,64.0,8.0,998.8,8.0,cloudy,mild,none,dry,43
2024-01-09,8.0,0.0,63.2,13.3,1032.9,7.0,cloudy,moderate,delay,dry,54
2024-01-10,14.1,0.0,34.5,11.4,1019.3,8.9,sunny,moderate,cancellation,dry,54
2024-01-11,12.1,6.3,74.2,17.7,985.2,3.6,storm,moderate,cancellation,flooded,47
2024-01-12,18.1,4.4,74.2,8.4,1012.1,3.7,rain,moderate,delay,wet,48
2024-01-13,15.9,0.0,46.8,10.2,1005.2,1.7,cloudy,moderate,delay,dry,27
2024-01-14,12.2,0.0,66.8,7.6,1005.4,9.2,sunny,mild,none,dry,25
2024-01-15,16.2,0.0,34.8,4.3,1016.8,10.7,fog,mild,none,slippery,40
2024-01-16,12.6,13.0,99.8,1.9,1018.1,5.8,rain,severe,delay,wet,49
2024-01-17,12.1,0.0,64.6,14.1,1012.8,9.9,cloudy,moderate,cancellation,dry,56
2024-01-18,16.0,0.0,30.3,6.5,1004.4,2.9,cloudy,mild,none,dry,58
2024-01-19,12.2,6.0,81.3,18.4,971.7,1.0,storm,moderate,none,flooded,66
2024-01-20,14.6,2.2,89.0,9.0,980.1,9.1,storm,mild,none,flooded,43
2024-01-21,21.8,0.0,64.2,4.3,1010.1,8.4,cloudy,mild,delay,dry,38
2024-01-22,8.6,1.0,90.7,10.4,979.9,4.7,storm,moderate,delay,flooded,57
2024-01-23,16.6,0.0,45.1,3.0,998.0,7.5,sunny,mild,delay,dry,66
2024-01-24,15.5,7.5,73.3,30.0,983.7,3.8,storm,severe,cancellation,flooded,47
2024-01-25,17.2,6.2,80.0,6.7,993.6,10.3,storm,moderate,delay,flooded,41
2024-01-26,9.4,0.0,35.3,6.9,1003.9,6.5,sunny,mild,none,dry,52
2024-01-27,16.0,1.3,73.3,4.5,1006.7,13.0,rain,mild,none,wet,27
2024-01-28,13.9,0.0,35.9,2.9,996.2,7.3,fog,mild,none,slippery,30
2024-01-29,15.9,8.0,86.6,14.7,1001.9,1.0,rain,moderate,none,wet,62
2024-01-30,18.2,6.6,96.4,9.5,1008.6,1.0,rain,moderate,delay,wet,62
2024-01-31,16.6,3.1,87.1,15.5,981.0,11.0,rain,moderate,delay,wet,49
2024-02-01,20.8,5.6,95.4,12.8,1015.7,2.7,rain,moderate,delay,wet,54
2024-02-02,17.4,0.0,55.4,6.6,1015.9,6.3,cloudy,mild,none,dry,45
2024-02-03,17.8,7.4,85.8,37.8,974.9,8.3,storm,severe,cancellation,flooded,22
2024-02-04,23.3,7.0,91.8,10.2,1000.2,7.7,storm,moderate,delay,flooded,27
2024-02-05,17.0,2.6,81.8,9.5,1021.6,7.5,rain,mild,none,wet,59
2024-02-06,17.3,0.0,36.6,7.5,1013.6,11.6,cloudy,mild,none,dry,43
2024-02-07,28.3,6.8,91.6,17.5,1018.8,4.8,rain,moderate,none,wet,35
2024-02-08,23.2,22.1,81.4,4.3,1022.5,1.0,rain,severe,cancellation,wet,62
2024-02-09,20.0,0.0,56.7,4.6,1023.6,18.2,cloudy,mild,none,dry,46
2024-02-10,29.3,2.6,86.7,5.7,1015.5,7.0,rain,mild,delay,wet,30
2024-02-11,19.8,0.0,66.8,6.4,1004.5,10.1,cloudy,mild,none,dry,30
2024-02-12,18.8,2.6,77.2,13.5,1008.7,8.0,rain,moderate,delay,wet,36
2024-02-13,13.3,11.1,71.2,18.5,982.9,12.0,storm,severe,cancellation,flooded,46
2024-02-14,13.4,5.9,96.0,18.7,1006.7,13.3,rain,moderate,none,wet,53
2024-02-15,24.7,2.1,84.6,2.4,998.5,9.3,rain,mild,none,wet,44
2024-02-16,24.7,0.0,50.6,9.1,1009.0,12.0,cloudy,mild,none,dry,51
2024-02-17,18.5,0.0,55.9,14.6,1024.3,11.3,sunny,moderate,delay,dry,25
2024-02-18,25.3,0.0,42.0,10.6,1015.7,6.5,cloudy,moderate,none,dry,32
2024-02-19,19.4,3.9,82.8,12.1,1006.4,7.1,rain,moderate,none,wet,49
2024-02-20,21.9,0.0,45.5,15.6,1001.4,9.1,fog,moderate,delay,slippery,64
2024-02-21,22.5,2.2,97.9,12.0,997.8,11.2,rain,moderate,delay,wet,36
2024-02-22,18.9,11.3,75.4,14.3,1005.1,6.7,rain,severe,delay,wet,52
2024-02-23,18.1,0.0,32.3,5.1,1007.6,1.0,sunny,mild,none,dry,48
2024-02-24,30.6,0.0,58.0,7.4,1020.0,10.7,sunny,mild,none,dry,33
2024-02-25,9.2,5.3,87.5,11.2,982.9,7.7,rain,moderate,delay,wet,30
2024-02-26,24.0,0.0,33.3,10.9,1009.4,15.6,sunny,moderate,delay,dry,48
2024-02-27,19.4,5.3,78.7,8.5,1021.5,5.2,rain,moderate,delay,wet,43
2024-02-28,15.0,4.4,98.2,6.4,996.7,6.2,rain,moderate,delay,wet,49
2024-02-29,18.0,0.0,31.6,4.5,1019.8,9.5,cloudy,mild,none,dry,60
2024-03-01,17.5,0.0,45.6,8.1,1021.0,2.2,fog,mild,delay,slippery,50
2024-03-02,24.4,1.9,82.1,5.7,1002.1,9.3,rain,mild,none,wet,29
2024-03-03,22.0,3.2,80.0,17.0,1018.5,8.2,rain,moderate,none,wet,21
2024-03-04,21.8,0.0,48.0,5.5,1010.2,15.5,fog,mild,none,slippery,51
2024-03-05,28.0,22.4,90.8,22.1,984.6,1.0,storm,severe,cancellation,flooded,47
2024-03-06,23.6,2.4,93.8,8.1,990.9,1.0,rain,mild,delay,wet,44
2024-03-07,28.2,0.0,30.4,5.5,1011.6,21.0,cloudy,mild,delay,dry,51
2024-03-08,25.0,10.2,72.8,6.8,987.4,1.0,rain,severe,cancellation,wet,67
2024-03-09,23.6,7.2,90.6,8.6,1019.4,1.0,rain,moderate,none,wet,18
2024-03-10,13.9,4.6,99.2,6.1,996.8,1.0,rain,moderate,delay,wet,33
2024-03-11,25.4,0.0,53.8,2.6,1003.9,5.9,cloudy,mild,none,dry,58
2024-03-12,27.6,3.1,73.8,22.2,973.8,2.6,storm,severe,delay,flooded,48
2024-03-13,20.3,6.2,77.2,12.7,1009.3,4.0,rain,moderate,none,wet,50
2024-03-14,22.0,0.0,44.4,13.7,998.7,15.6,sunny,moderate,delay,dry,46
2024-03-15,29.1,0.0,47.9,5.9,1004.1,14.7,fog,mild,none,slippery,53
2024-03-16,30.0,0.0,60.1,4.1,993.4,12.5,cloudy,mild,none,dry,31
2024-03-17,26.2,0.0,39.3,2.3,1032.8,1.0,sunny,mild,none,dry,27
2024-03-18,24.2,3.0,93.0,32.1,988.2,9.1,storm,severe,cancellation,flooded,52
2024-03-19,20.5,5.4,78.8,7.6,1006.8,1.0,rain,moderate,delay,wet,57
2024-03-20,25.4,5.3,89.5,8.4,995.5,6.5,storm,moderate,delay,flooded,37
2024-03-21,25.6,3.6,88.3,42.3,978.8,9.7,storm,severe,delay,flooded,55
2024-03-22,28.9,0.0,69.9,6.5,1001.0,5.2,fog,mild,none,slippery,54
2024-03-23,31.5,0.0,56.0,3.7,1023.2,7.3,sunny,mild,delay,dry,33
2024-03-24,24.5,8.7,85.8,6.1,1009.4,1.3,rain,moderate,delay,wet,33
2024-03-25,13.8,0.0,42.6,5.6,1013.5,5.8,sunny,mild,none,dry,49
2024-03-26,22.2,8.2,96.3,13.5,1013.1,1.0,rain,moderate,none,wet,57
2024-03-27,15.3,2.6,92.7,3.1,997.3,9.6,rain,mild,none,wet,43
2024-03-28,25.5,0.0,43.1,13.1,1004.1,15.5,sunny,moderate,none,dry,55
2024-03-29,16.4,0.0,57.0,11.6,1004.2,4.2,sunny,moderate,none,dry,54
2024-03-30,19.3,0.0,62.5,3.3,1014.7,19.3,cloudy,mild,delay,dry,36
2024-03-31,31.2,0.0,41.4,13.8,996.1,15.3,fog,moderate,none,slippery,31
2024-04-01,22.3,0.0,66.6,8.3,1003.5,7.7,cloudy,mild,none,dry,61
2024-04-02,23.1,0.0,36.3,5.1,1018.6,18.4,cloudy,mild,none,dry,49
2024-04-03,19.8,0.0,52.6,6.6,999.6,11.6,sunny,mild,delay,dry,39
2024-04-04,24.0,0.0,68.7,4.3,1016.6,9.7,cloudy,mild,none,dry,43
2024-04-05,24.1,2.2,73.9,9.8,973.6,10.9,storm,mild,none,flooded,57
2024-04-06,34.8,0.0,55.1,10.7,1014.2,14.9,cloudy,moderate,delay,dry,33
2024-04-07,24.3,0.0,57.5,20.6,1017.4,6.8,sunny,severe,cancellation,dry,39
2024-04-08,16.3,0.0,60.5,6.1,990.7,10.7,cloudy,mild,none,dry,37
2024-04-09,24.3,0.0,58.8,10.0,1018.7,5.2,sunny,moderate,delay,dry,53
2024-04-10,28.3,0.0,53.8,7.2,997.8,8.8,cloudy,mild,delay,dry,43
2024-04-11,26.9,0.0,66.6,18.3,1024.5,10.1,sunny,moderate,cancellation,dry,69
2024-04-12,28.7,3.1,80.3,7.6,985.3,8.1,storm,moderate,delay,flooded,57
2024-04-13,25.7,2.1,95.3,20.7,1002.8,6.0,storm,severe,cancellation,flooded,24
2024-04-14,23.6,0.0,69.8,8.7,1003.9,16.7,cloudy,mild,delay,dry,31
2024-04-15,24.0,1.7,70.5,3.1,1028.3,6.9,rain,mild,none,wet,55
2024-04-16,26.9,0.0,68.4,4.2,1024.4,7.4,sunny,mild,none,dry,49
2024-04-17,22.1,15.1,94.4,5.2,996.4,1.0,rain,severe,delay,wet,53
2024-04-18,26.2,9.0,76.1,20.5,970.4,9.4,storm,severe,cancellation,flooded,50
2024-04-19,33.0,0.0,49.7,9.4,1006.1,9.2,sunny,mild,delay,dry,51
2024-04-20,17.3,0.0,45.0,3.7,1012.5,6.0,cloudy,mild,delay,dry,25
2024-04-21,20.8,14.6,99.5,3.0,997.7,3.1,rain,severe,cancellation,wet,24
2024-04-22,27.4,10.6,72.4,14.9,998.3,1.0,rain,severe,cancellation,wet,48
2024-04-23,20.5,0.0,46.4,5.7,1002.6,3.6,sunny,mild,none,dry,58
2024-04-24,17.5,3.4,81.1,6.1,1011.2,10.7,rain,moderate,delay,wet,65
2024-04-25,26.5,0.0,65.9,8.1,1003.9,13.0,cloudy,mild,delay,dry,34
2024-04-26,32.9,0.0,68.4,1.3,1019.8,10.2,fog,mild,none,slippery,57
2024-04-27,22.1,0.0,50.0,7.8,1012.1,7.6,cloudy,mild,delay,dry,30
2024-04-28,24.0,0.0,36.3,9.7,1008.8,10.1,sunny,mild,none,dry,26
2024-04-29,26.0,0.0,50.1,19.6,1026.0,8.6,sunny,moderate,delay,dry,51
2024-04-30,21.9,3.6,91.6,3.7,1012.5,3.1,rain,moderate,delay,wet,56
2024-05-01,26.9,0.0,35.1,14.4,1000.3,11.3,sunny,moderate,delay,dry,42
2024-05-02,27.9,0.0,50.2,3.3,1016.5,10.1,cloudy,mild,none,dry,58
2024-05-03,24.1,6.2,84.8,6.4,994.9,7.1,rain,moderate,delay,wet,50
2024-05-04,22.0,6.1,79.2,19.6,984.5,4.4,storm,moderate,delay,flooded,31
2024-05-05,15.4,2.7,92.8,7.8,1016.6,3.2,rain,mild,none,wet,29
2024-05-06,25.5,2.5,75.9,13.8,1006.6,12.3,rain,moderate,delay,wet,46
2024-05-07,17.9,4.9,99.3,42.4,991.8,5.0,storm,severe,cancellation,flooded,45
2024-05-08,20.1,0.0,30.2,3.5,1011.5,10.3,sunny,mild,none,dry,45
2024-05-09,29.2,0.0,33.1,8.8,1016.9,9.3,cloudy,mild,delay,dry,49
2024-05-10,18.8,7.1,88.8,8.2,1011.1,7.4,rain,moderate,delay,wet,34
2024-05-11,25.8,9.6,74.6,33.6,974.5,1.0,storm,severe,delay,flooded,26
2024-05-12,22.0,3.2,85.4,13.5,1035.9,13.1,rain,moderate,none,wet,25
2024-05-13,19.5,0.0,30.9,18.7,1007.6,12.9,sunny,moderate,none,dry,41
2024-05-14,24.0,0.0,67.5,12.4,1001.5,12.4,sunny,moderate,delay,dry,43
2024-05-15,24.5,0.0,33.6,10.2,1008.3,4.9,sunny,moderate,delay,dry,40
2024-05-16,12.1,3.5,74.5,6.8,1013.8,10.4,rain,moderate,none,wet,47
2024-05-17,25.0,0.0,69.4,3.6,1004.8,16.6,cloudy,mild,delay,dry,51
2024-05-18,27.0,11.9,97.6,15.0,1011.0,1.0,rain,severe,cancellation,wet,34
2024-05-19,17.8,6.0,80.1,4.4,1009.5,4.0,rain,moderate,delay,wet,32
2024-05-20,18.0,0.0,36.3,13.8,1007.2,11.9,sunny,moderate,delay,dry,53
2024-05-21,19.6,0.0,52.0,2.6,1027.5,15.2,sunny,mild,none,dry,58
2024-05-22,27.1,0.0,38.3,11.2,1013.7,15.3,cloudy,moderate,cancellation,dry,49
2024-05-23,20.2,8.8,72.5,6.6,1006.1,1.0,rain,moderate,delay,wet,49
2024-05-24,24.6,0.0,47.7,6.9,995.3,3.1,cloudy,mild,delay,dry,47
2024-05-25,14.2,0.0,58.9,16.5,1000.4,19.3,sunny,moderate,delay,dry,30
2024-05-26,23.5,2.3,91.5,4.9,961.0,11.7,storm,mild,none,flooded,34
2024-05-27,34.0,2.1,94.7,10.3,1001.7,4.7,rain,moderate,none,wet,54
2024-05-28,17.5,0.0,52.8,2.0,989.0,20.2,fog,mild,none,slippery,36
2024-05-29,29.3,1.6,85.1,4.2,1014.9,13.7,rain,mild,none,wet,43
2024-05-30,18.9,0.0,31.1,8.7,1019.0,8.7,cloudy,mild,none,dry,55
2024-05-31,9.5,0.0,46.5,3.0,1018.3,15.4,fog,mild,none,slippery,50
2024-06-01,20.9,6.5,71.8,14.4,1006.7,8.5,rain,moderate,delay,wet,30
2024-06-02,15.5,10.2,81.6,7.4,1011.4,2.9,rain,severe,cancellation,wet,19
2024-06-03,19.9,1.1,96.4,42.1,1000.4,9.6,storm,severe,cancellation,flooded,51
2024-06-04,21.4,2.7,99.9,13.6,1009.7,1.0,rain,moderate,cancellation,wet,43
2024-06-05,12.8,1.5,78.0,43.1,976.7,5.0,storm,severe,cancellation,flooded,56
2024-06-06,16.5,0.0,68.8,10.2,1014.0,11.0,cloudy,moderate,none,dry,51
2024-06-07,27.6,0.0,37.8,1.0,1006.7,13.2,sunny,mild,none,dry,55
2024-06-08,15.6,3.8,93.4,5.0,1000.6,5.6,rain,moderate,none,wet,35
2024-06-09,15.4,0.0,57.3,13.9,1013.9,12.3,cloudy,moderate,none,dry,36
2024-06-10,13.0,0.0,61.7,4.9,1004.4,7.9,cloudy,mild,none,dry,44
2024-06-11,20.2,0.0,54.3,7.8,1015.2,7.4,fog,mild,none,slippery,50
2024-06-12,8.9,0.0,43.4,7.6,1010.1,22.8,sunny,mild,delay,dry,55
2024-06-13,17.7,2.1,80.7,4.1,1004.5,11.1,rain,mild,none,wet,48
2024-06-14,23.2,7.0,87.1,17.0,987.3,2.6,storm,moderate,delay,flooded,48
2024-06-15,15.0,4.2,95.6,17.4,999.4,2.4,storm,moderate,none,flooded,26
2024-06-16,18.3,0.0,53.9,8.7,1021.6,7.5,cloudy,mild,none,dry,23
2024-06-17,17.3,0.0,39.9,12.0,1006.1,5.8,sunny,moderate,delay,dry,55
2024-06-18,16.4,12.1,90.8,12.8,1011.7,9.4,rain,severe,cancellation,wet,41
2024-06-19,15.5,0.0,43.5,10.1,1011.8,14.2,sunny,moderate,delay,dry,56
2024-06-20,9.7,1.1,90.6,15.1,1006.0,13.2,rain,moderate,none,wet,44
2024-06-21,10.4,2.7,80.4,7.6,1014.6,9.3,rain,mild,delay,wet,46
2024-06-22,17.6,3.2,74.0,6.4,988.6,12.3,storm,moderate,none,flooded,31
2024-06-23,14.5,0.0,57.8,6.1,1006.2,13.0,sunny,mild,delay,dry,25
2024-06-24,1.3,0.0,59.6,9.1,997.8,16.8,cloudy,mild,none,dry,51
2024-06-25,18.0,4.4,89.8,8.9,1017.6,1.6,rain,moderate,delay,wet,59
2024-06-26,7.4,2.1,94.8,2.8,1029.1,1.2,rain,mild,none,wet,46
2024-06-27,10.0,0.0,67.3,5.0,1023.7,5.1,cloudy,mild,delay,dry,64
2024-06-28,8.4,4.7,72.2,10.7,1021.3,8.6,rain,moderate,delay,wet,38
2024-06-29,1.7,2.0,78.6,4.2,1000.2,6.6,rain,mild,none,wet,37
2024-06-30,14.0,10.0,71.6,21.3,1001.0,1.0,rain,severe,cancellation,wet,27
2024-07-01,-1.1,0.0,62.2,16.7,1011.7,15.8,cloudy,moderate,delay,dry,48
2024-07-02,9.4,5.5,71.7,21.6,982.6,4.0,storm,severe,cancellation,flooded,49
2024-07-03,0.2,0.0,61.0,6.2,1001.9,9.4,sunny,mild,none,dry,63
2024-07-04,16.3,0.0,50.8,8.1,1016.1,7.2,sunny,mild,none,dry,54
2024-07-05,9.0,0.0,66.2,15.8,1001.2,8.0,cloudy,moderate,none,dry,42
2024-07-06,3.4,3.7,72.2,9.6,997.0,7.5,rain,moderate,none,wet,27
2024-07-07,9.1,2.9,72.3,17.8,1012.0,1.0,rain,moderate,delay,wet,24
2024-07-08,9.6,0.0,33.3,8.4,994.7,15.8,cloudy,mild,none,dry,43
2024-07-09,12.2,0.0,42.9,4.8,1002.3,13.4,fog,mild,none,slippery,47
2024-07-10,7.3,0.0,66.0,7.9,1008.2,13.3,cloudy,mild,delay,dry,57
2024-07-11,3.9,3.0,77.9,10.2,1014.2,9.4,rain,moderate,delay,wet,43
2024-07-12,10.8,4.2,98.0,18.2,1005.0,12.3,storm,moderate,none,flooded,48
2024-07-13,-0.3,0.0,47.1,3.1,1020.9,1.0,cloudy,mild,none,dry,27
2024-07-14,5.2,0.0,31.9,10.6,1025.2,11.9,sunny,moderate,none,dry,38
2024-07-15,-6.8,0.0,62.8,0.8,997.1,13.1,cloudy,mild,delay,dry,67
2024-07-16,-4.6,1.3,80.9,13.6,1019.7,7.0,rain,moderate,none,wet,52
2024-07-17,16.2,14.0,71.2,12.1,1005.9,1.0,rain,severe,cancellation,wet,46
2024-07-18,-1.4,2.5,87.4,40.6,977.2,11.2,storm,severe,delay,flooded,52
2024-07-19,6.6,2.8,70.0,8.7,1022.2,4.0,rain,mild,none,wet,57
2024-07-20,1.8,3.7,92.4,6.6,1015.4,13.7,rain,moderate,cancellation,wet,35
2024-07-21,5.9,4.9,78.5,26.2,986.2,14.5,storm,severe,cancellation,flooded,36
2024-07-22,12.9,10.8,74.5,10.2,1016.5,1.0,rain,severe,cancellation,wet,50
2024-07-23,7.5,0.0,49.4,16.3,999.5,9.9,cloudy,moderate,none,dry,65
2024-07-24,1.9,0.0,31.4,9.6,1013.4,3.9,sunny,mild,none,dry,49
2024-07-25,3.8,6.2,92.1,9.0,997.3,10.8,rain,moderate,delay,wet,50
2024-07-26,0.0,1.1,97.7,3.1,1019.5,5.3,rain,mild,none,wet,52
2024-07-27,5.3,1.2,77.3,4.2,991.9,7.9,storm,mild,delay,flooded,39
2024-07-28,8.0,5.7,73.7,15.4,1005.9,10.6,rain,moderate,delay,wet,30
2024-07-29,3.4,4.7,74.9,10.5,1011.7,14.8,rain,moderate,delay,wet,53
2024-07-30,2.2,6.5,91.6,16.5,1005.3,1.0,rain,moderate,delay,wet,52
2024-07-31,6.0,3.9,83.9,8.5,1015.4,10.7,rain,moderate,delay,wet,48
2024-08-01,-6.5,0.0,32.1,11.1,1008.7,15.6,sunny,moderate,none,dry,50
2024-08-02,1.8,2.2,76.3,12.1,994.1,8.3,rain,moderate,delay,wet,56
2024-08-03,-6.8,12.1,86.8,9.6,1022.8,1.0,rain,severe,delay,wet,36
2024-08-04,-3.1,3.8,98.0,3.5,1004.2,3.3,rain,moderate,delay,wet,28
2024-08-05,1.7,0.8,87.0,24.3,987.9,10.0,storm,severe,cancellation,flooded,65
2024-08-06,0.7,7.8,71.4,7.6,989.8,6.5,rain,moderate,delay,wet,52
2024-08-07,7.4,0.0,34.8,15.4,1007.4,1.0,sunny,moderate,delay,dry,59
2024-08-08,2.1,0.0,66.6,13.9,1014.5,8.7,sunny,moderate,delay,dry,34
2024-08-09,-7.6,0.0,56.8,4.6,1006.3,8.4,sunny,mild,none,dry,59
2024-08-10,-11.7,11.9,88.7,3.9,1029.5,1.0,rain,severe,cancellation,wet,36
2024-08-11,-7.2,1.6,84.6,10.4,984.7,15.7,storm,moderate,none,flooded,29
2024-08-12,-6.8,0.0,66.5,2.0,1004.8,14.3,cloudy,mild,none,dry,46
2024-08-13,0.3,3.9,77.4,17.2,994.4,21.1,rain,moderate,delay,wet,37
2024-08-14,1.1,1.5,98.3,14.1,988.2,10.2,rain,moderate,none,wet,34
2024-08-15,2.8,0.0,57.8,7.1,1010.5,24.1,sunny,mild,none,dry,49
2024-08-16,-12.7,0.0,31.7,6.3,1041.0,8.7,sunny,mild,delay,dry,43
2024-08-17,8.6,0.0,49.2,13.8,988.3,9.4,cloudy,moderate,none,dry,38
2024-08-18,-12.8,0.0,54.2,3.2,985.6,13.4,cloudy,mild,none,dry,29
2024-08-19,7.9,0.0,33.8,6.3,1016.0,19.3,sunny,mild,delay,dry,51
2024-08-20,-6.2,6.3,90.7,6.5,991.7,1.0,storm,moderate,delay,flooded,44
2024-08-21,5.6,0.0,53.9,4.4,995.1,1.0,sunny,mild,delay,dry,50
2024-08-22,-0.6,3.4,81.7,27.1,976.0,1.0,storm,severe,delay,flooded,39
2024-08-23,-8.1,0.0,37.7,7.9,1019.6,9.2,sunny,mild,none,dry,41
2024-08-24,-1.0,1.4,77.7,22.6,997.3,4.8,storm,severe,cancellation,flooded,29
2024-08-25,-0.6,0.0,70.0,14.3,995.2,18.4,sunny,moderate,none,dry,30
2024-08-26,-9.3,0.0,63.5,7.0,995.5,16.0,sunny,mild,delay,dry,50
2024-08-27,5.3,0.6,84.9,7.6,1003.3,17.9,rain,mild,none,wet,68
2024-08-28,-7.2,0.0,45.9,3.4,1018.0,1.0,cloudy,mild,none,dry,43
2024-08-29,-2.0,0.0,46.6,17.1,999.4,15.0,fog,moderate,delay,slippery,40
2024-08-30,-11.0,0.0,39.6,5.8,1011.0,1.0,cloudy,mild,delay,dry,47
2024-08-31,7.4,0.0,33.4,5.5,1017.1,8.5,cloudy,mild,delay,dry,33
2024-09-01,-5.2,1.6,99.7,9.5,1005.7,5.2,rain,mild,delay,wet,28
2024-09-02,0.7,1.4,94.3,8.7,1007.8,13.1,rain,mild,none,wet,55
2024-09-03,2.7,0.0,32.2,15.9,1016.9,1.0,sunny,moderate,delay,dry,52
2024-09-04,1.5,0.0,30.1,7.1,1022.1,10.5,cloudy,mild,none,dry,55
2024-09-05,-8.8,7.2,99.7,8.8,992.5,1.0,storm,moderate,delay,flooded,61
2024-09-06,-1.2,0.0,55.0,4.6,998.9,6.8,sunny,mild,none,dry,61
2024-09-07,1.8,2.4,95.8,7.6,998.2,9.2,rain,mild,none,wet,30
2024-09-08,0.6,0.0,49.5,11.8,1008.7,1.8,fog,moderate,delay,slippery,17
2024-09-09,0.8,0.0,31.0,2.4,990.3,7.1,cloudy,mild,none,dry,42
2024-09-10,-7.2,0.0,32.9,9.5,999.8,12.9,cloudy,mild,delay,dry,54
2024-09-11,-0.6,0.0,54.9,2.0,1010.0,17.7,sunny,mild,none,dry,53
2024-09-12,1.6,0.0,65.3,9.1,1003.1,18.8,cloudy,mild,delay,dry,69
2024-09-13,9.5,20.5,93.0,3.1,1016.0,1.0,rain,severe,delay,wet,58
2024-09-14,1.0,0.0,53.7,5.4,1011.8,12.3,cloudy,mild,none,dry,27
2024-09-15,-0.8,0.0,32.0,6.6,1022.8,10.3,cloudy,mild,none,dry,36
2024-09-16,-7.0,2.6,97.7,12.6,984.1,9.3,storm,moderate,delay,flooded,63
2024-09-17,-4.8,0.0,35.6,15.3,1008.4,5.6,fog,moderate,delay,slippery,50
2024-09-18,-3.5,2.7,90.0,4.8,1011.8,4.2,rain,mild,none,wet,55
2024-09-19,-2.1,2.7,74.7,10.4,1002.4,9.8,rain,moderate,delay,wet,44
2024-09-20,-5.4,5.6,81.7,3.0,1019.5,11.9,rain,moderate,delay,wet,45
2024-09-21,4.5,5.1,80.0,6.3,1010.3,6.0,rain,moderate,delay,wet,29
2024-09-22,-15.6,0.0,31.0,16.1,1008.5,16.6,sunny,moderate,delay,dry,32
2024-09-23,6.1,3.3,73.7,2.0,1003.8,11.0,rain,moderate,none,wet,35
2024-09-24,-2.7,5.4,80.6,22.9,971.9,1.0,storm,severe,cancellation,flooded,49
2024-09-25,-1.4,0.0,38.0,3.2,990.8,3.3,cloudy,mild,none,dry,49
2024-09-26,-6.9,0.0,64.8,6.9,992.7,19.8,sunny,mild,none,dry,57
2024-09-27,-10.2,0.0,42.1,1.2,1009.8,14.9,sunny,mild,none,dry,48
2024-09-28,-1.6,10.1,80.7,16.3,985.9,6.8,storm,severe,cancellation,flooded,32
2024-09-29,5.8,0.0,34.2,14.8,991.4,7.5,sunny,moderate,delay,dry,28
2024-09-30,-2.2,0.0,47.7,12.7,1022.0,9.8,cloudy,moderate,delay,dry,45
2024-10-01,-8.6,0.0,31.8,12.7,1001.2,7.7,cloudy,moderate,delay,dry,48
2024-10-02,1.4,8.7,82.3,8.7,973.8,9.7,storm,moderate,none,flooded,45
2024-10-03,-0.3,0.0,36.8,12.2,1015.4,13.2,cloudy,moderate,delay,dry,45
2024-10-04,-14.0,0.0,44.5,8.0,1020.9,13.8,sunny,mild,none,dry,41
2024-10-05,-3.6,0.0,41.2,16.4,1004.0,10.7,cloudy,moderate,delay,dry,33
2024-10-06,-6.7,8.5,87.9,19.9,984.2,1.0,storm,moderate,delay,flooded,24
2024-10-07,-0.8,0.0,38.0,11.1,1019.0,13.3,sunny,moderate,delay,dry,56
2024-10-08,-10.0,7.0,79.4,5.7,1019.9,2.7,rain,moderate,none,wet,49
2024-10-09,-7.7,3.0,80.9,9.2,1012.9,3.6,rain,mild,none,wet,49
2024-10-10,-0.5,4.4,96.8,7.8,1025.5,12.6,rain,moderate,delay,wet,48
2024-10-11,-4.8,5.6,89.3,6.6,994.5,3.3,rain,moderate,delay,wet,39
2024-10-12,-6.1,0.0,68.9,6.5,1000.7,9.4,cloudy,mild,none,dry,37
2024-10-13,-4.5,5.3,80.1,17.8,983.8,1.0,storm,moderate,delay,flooded,32
2024-10-14,-4.6,0.0,48.0,6.4,1006.6,1.3,cloudy,mild,delay,dry,54
2024-10-15,5.0,0.8,74.3,6.1,1021.8,8.1,rain,mild,none,wet,55
2024-10-16,-5.4,0.0,47.7,14.1,1013.6,10.3,cloudy,moderate,cancellation,dry,38
2024-10-17,-6.9,4.5,76.0,9.6,1027.0,6.2,rain,moderate,delay,wet,50
2024-10-18,-9.1,0.0,59.2,5.7,1027.3,6.7,cloudy,mild,none,dry,53
2024-10-19,-6.8,0.0,30.0,5.8,1006.3,12.5,cloudy,mild,none,dry,33
2024-10-20,-13.1,6.4,89.3,11.0,1014.9,4.2,rain,moderate,none,wet,27
2024-10-21,2.5,5.6,93.9,42.3,990.7,1.3,storm,severe,delay,flooded,48
2024-10-22,-5.0,0.0,45.1,8.1,999.8,7.5,cloudy,mild,none,dry,43
2024-10-23,-4.6,0.0,41.9,8.2,996.2,14.5,sunny,mild,delay,dry,32
2024-10-24,-7.5,3.4,85.6,41.5,994.0,5.6,storm,severe,delay,flooded,46
2024-10-25,-9.5,9.9,75.7,2.6,1016.6,1.4,rain,moderate,delay,wet,53
2024-10-26,-7.7,3.4,70.5,29.9,964.3,12.3,storm,severe,cancellation,flooded,31
2024-10-27,-4.6,6.2,80.5,15.1,989.4,8.8,rain,moderate,none,wet,31
2024-10-28,-1.2,12.1,91.1,8.9,1015.4,6.5,rain,severe,delay,wet,54
2024-10-29,3.0,1.6,97.4,9.5,997.3,17.6,rain,mild,delay,wet,52
2024-10-30,-9.1,12.8,80.3,27.3,990.9,12.5,storm,severe,cancellation,flooded,50
2024-10-31,-4.7,8.8,83.2,34.3,990.0,3.0,storm,severe,cancellation,flooded,37
2024-11-01,-0.9,0.0,31.1,10.2,1020.8,12.4,sunny,moderate,delay,dry,43
2024-11-02,0.1,2.3,78.1,20.1,967.0,8.6,storm,severe,delay,flooded,27
2024-11-03,-4.3,0.0,49.8,14.0,1014.0,6.3,sunny,moderate,delay,dry,23
2024-11-04,6.0,0.0,62.1,9.8,1007.6,17.1,cloudy,mild,delay,dry,50
2024-11-05,-3.9,0.0,52.2,13.1,1008.7,3.4,fog,moderate,delay,slippery,57
2024-11-06,-1.2,10.9,78.5,6.2,1003.5,1.5,rain,severe,delay,wet,57
2024-11-07,6.1,5.4,88.6,12.5,989.7,1.0,rain,moderate,delay,wet,52
2024-11-08,-10.5,15.2,89.9,10.8,980.5,1.1,storm,severe,cancellation,flooded,52
2024-11-09,3.0,0.0,53.6,11.0,1016.9,15.6,fog,moderate,delay,slippery,40
2024-11-10,-2.2,0.0,38.4,7.8,986.2,11.0,cloudy,mild,delay,dry,27
2024-11-11,0.7,13.0,87.2,10.1,976.8,1.0,storm,severe,delay,flooded,41
2024-11-12,-4.8,3.6,71.9,9.4,1006.9,1.0,rain,moderate,none,wet,53
2024-11-13,-5.7,15.7,87.0,27.0,991.6,2.9,storm,severe,delay,flooded,54
2024-11-14,1.2,0.0,68.3,6.9,1000.5,11.2,fog,mild,none,slippery,44
2024-11-15,-0.9,0.0,30.6,5.9,1002.8,5.4,cloudy,mild,none,dry,59
2024-11-16,1.5,5.5,97.8,5.3,1011.6,7.1,rain,moderate,delay,wet,21
2024-11-17,-1.7,6.1,75.6,41.8,972.5,6.2,storm,severe,delay,flooded,29
2024-11-18,2.4,2.7,97.5,9.5,1001.3,4.9,rain,mild,none,wet,55
2024-11-19,6.2,4.5,74.7,18.6,997.2,1.0,storm,moderate,none,flooded,49
2024-11-20,4.1,0.0,52.3,1.3,1012.4,11.0,sunny,mild,none,dry,60
2024-11-21,8.0,0.0,57.0,9.4,1015.7,15.4,sunny,mild,none,dry,57
2024-11-22,-4.4,15.6,72.0,26.7,999.1,1.0,storm,severe,cancellation,flooded,53
2024-11-23,-7.5,3.6,78.6,7.0,1016.6,5.0,rain,moderate,none,wet,33
2024-11-24,5.8,2.6,83.9,12.5,995.7,7.5,storm,moderate,delay,flooded,30
2024-11-25,1.5,0.0,59.6,15.4,1009.9,18.6,sunny,moderate,delay,dry,53
2024-11-26,14.1,0.0,36.2,14.1,987.8,4.2,cloudy,moderate,none,dry,53
2024-11-27,7.9,5.0,78.3,9.6,1005.8,9.5,rain,moderate,delay,wet,54
2024-11-28,6.6,3.0,88.2,7.8,1021.7,9.5,rain,mild,none,wet,45
2024-11-29,-8.0,0.0,58.7,3.1,992.4,6.9,cloudy,mild,none,dry,52
2024-11-30,-0.3,3.4,82.4,7.5,1006.0,7.3,rain,moderate,delay,wet,31
2024-12-01,0.1,5.0,79.8,6.2,973.7,8.2,storm,moderate,delay,flooded,23
2024-12-02,-0.7,0.0,54.2,4.4,1019.3,1.1,sunny,mild,none,dry,44
2024-12-03,15.5,6.9,84.1,9.4,1017.4,5.1,rain,moderate,delay,wet,46
2024-12-04,3.6,14.8,94.2,11.3,1019.7,1.0,rain,severe,cancellation,wet,60
2024-12-05,7.3,0.0,42.5,8.3,1013.5,6.1,sunny,mild,delay,dry,55
2024-12-06,7.5,2.4,83.6,5.4,1004.5,9.0,rain,mild,none,wet,38
2024-12-07,4.0,0.0,46.8,9.6,1003.7,9.5,cloudy,mild,none,dry,23
2024-12-08,-1.8,7.0,98.7,10.9,980.9,7.1,storm,moderate,delay,flooded,25
2024-12-09,9.4,5.2,93.8,12.8,1007.3,1.0,rain,moderate,none,wet,45
2024-12-10,7.9,0.0,68.9,3.7,1008.8,13.7,sunny,mild,none,dry,59
2024-12-11,1.6,0.0,48.9,9.1,1027.5,9.8,sunny,mild,none,dry,60
2024-12-12,-4.7,1.4,73.8,8.4,1025.9,8.2,rain,mild,none,wet,54
2024-12-13,3.5,1.5,89.6,6.5,1016.8,17.1,rain,mild,none,wet,52
2024-12-14,4.1,8.2,81.7,6.3,1001.7,1.0,rain,moderate,delay,wet,34
2024-12-15,6.2,0.0,66.8,9.4,1004.1,10.5,cloudy,mild,none,dry,37
2024-12-16,3.5,0.0,56.3,16.4,1004.2,9.6,fog,moderate,delay,slippery,50
2024-12-17,16.2,11.0,95.8,32.6,977.8,9.7,storm,severe,cancellation,flooded,53
2024-12-18,8.9,0.0,67.0,0.7,1001.6,4.4,sunny,mild,none,dry,49
2024-12-19,-0.3,10.7,73.0,6.1,1019.4,5.3,rain,severe,cancellation,wet,50
2024-12-20,4.8,2.6,97.4,6.7,1011.4,11.4,rain,mild,none,wet,53
2024-12-21,11.6,0.0,69.5,9.0,1018.7,13.7,cloudy,mild,none,dry,21
2024-12-22,6.9,0.0,51.1,9.2,1022.5,10.5,cloudy,mild,none,dry,31
2024-12-23,6.0,4.8,90.0,10.8,987.5,14.2,storm,moderate,none,flooded,60
2024-12-24,14.6,10.0,95.9,6.0,1007.0,4.3,rain,moderate,none,wet,58
2024-12-25,1.1,0.0,42.9,6.4,1019.7,12.0,cloudy,mild,delay,dry,45
2024-12-26,18.7,8.2,87.1,28.9,969.5,6.8,storm,severe,delay,flooded,48
2024-12-27,2.4,11.1,89.1,10.2,1007.4,1.3,rain,severe,cancellation,wet,47
2024-12-28,1.9,0.0,43.6,4.8,1015.3,1.0,cloudy,mild,none,dry,50
2024-12-29,8.7,0.0,51.0,15.6,1005.2,18.4,cloudy,moderate,delay,dry,27
2024-12-30,5.6,1.3,77.6,2.3,997.4,13.4,rain,mild,delay,wet,50
2024-12-31,15.7,0.0,69.9,3.5,989.9,1.0,cloudy,mild,none,dry,58
2025-01-01,5.7,0.0,63.8,3.4,1001.6,13.4,sunny,mild,none,dry,49
2025-01-02,10.6,7.8,71.2,8.9,1017.2,1.0,rain,moderate,cancellation,wet,59
2025-01-03,8.1,12.3,77.6,19.8,980.0,1.0,storm,severe,delay,flooded,60
2025-01-04,17.9,2.7,91.7,12.0,1004.0,2.4,rain,moderate,delay,wet,27
2025-01-05,12.7,4.8,83.0,24.3,984.8,2.3,storm,severe,cancellation,flooded,30
2025-01-06,10.7,7.7,79.7,31.3,978.0,5.9,storm,severe,delay,flooded,41
2025-01-07,12.0,8.2,79.8,7.9,1034.3,1.0,rain,moderate,cancellation,wet,60
2025-01-08,10.9,0.0,46.6,18.1,1018.6,17.9,fog,moderate,none,slippery,55
2025-01-09,16.1,17.3,88.5,8.1,1016.4,1.0,rain,severe,cancellation,wet,50
2025-01-10,10.5,1.0,84.9,8.9,993.4,9.2,rain,mild,none,wet,52
2025-01-11,7.2,11.7,94.6,17.9,1016.5,1.0,rain,severe,delay,wet,26
2025-01-12,14.5,0.0,33.0,1.8,1001.5,6.8,sunny,mild,delay,dry,31
2025-01-13,15.0,2.7,91.9,11.3,1014.4,9.9,rain,moderate,none,wet,54
2025-01-14,24.1,0.0,67.3,8.0,997.9,10.0,cloudy,mild,delay,dry,52
2025-01-15,9.8,0.0,46.1,2.6,1018.7,10.4,cloudy,mild,none,dry,39
2025-01-16,16.5,0.0,46.1,16.2,1007.2,8.7,cloudy,moderate,delay,dry,49
2025-01-17,18.7,5.0,90.9,16.0,975.5,11.4,storm,moderate,delay,flooded,62
2025-01-18,19.8,4.4,79.1,13.4,984.3,2.9,storm,moderate,none,flooded,24
2025-01-19,20.4,17.3,71.3,12.9,1010.7,1.0,rain,severe,delay,wet,26
2025-01-20,10.2,0.0,45.2,10.4,1000.7,16.2,sunny,moderate,delay,dry,48
2025-01-21,18.8,0.0,46.2,13.1,1024.7,10.3,cloudy,moderate,delay,dry,51
2025-01-22,7.9,0.0,62.1,14.4,1009.6,1.3,cloudy,moderate,delay,dry,55
2025-01-23,13.5,2.0,91.2,6.6,1018.6,1.0,rain,mild,none,wet,57
2025-01-24,11.6,0.0,54.6,14.7,1016.8,3.6,fog,moderate,delay,slippery,43
2025-01-25,14.8,0.0,60.6,10.9,1027.3,7.7,sunny,moderate,none,dry,27
2025-01-26,22.5,0.0,32.3,12.0,1011.5,11.9,cloudy,moderate,none,dry,27
2025-01-27,21.2,7.4,90.6,34.7,989.6,10.5,storm,severe,cancellation,flooded,43
2025-01-28,17.3,0.0,62.2,8.7,1013.8,16.8,cloudy,mild,none,dry,37
2025-01-29,22.1,0.0,30.5,5.9,1007.6,13.4,sunny,mild,none,dry,45
2025-01-30,8.8,0.0,69.9,17.3,1017.8,5.4,sunny,moderate,none,dry,50
2025-01-31,20.2,0.0,36.7,6.0,992.3,2.9,cloudy,mild,none,dry,50
2025-02-01,15.4,0.0,34.4,11.8,1002.3,9.7,cloudy,moderate,none,dry,30
2025-02-02,29.1,0.0,68.0,7.2,1023.1,6.4,cloudy,mild,none,dry,24
2025-02-03,23.0,10.3,91.5,0.8,975.5,1.0,storm,severe,cancellation,flooded,55
2025-02-04,11.8,2.0,77.7,14.0,1013.6,13.1,rain,moderate,delay,wet,47
2025-02-05,17.2,12.4,97.3,16.1,1009.4,1.0,rain,severe,cancellation,wet,54
2025-02-06,19.9,3.7,78.7,3.5,1016.2,13.2,rain,moderate,delay,wet,53
2025-02-07,21.4,5.1,75.4,16.4,962.2,3.3,storm,moderate,delay,flooded,48
2025-02-08,30.0,6.7,83.9,6.9,1026.5,5.7,rain,moderate,none,wet,24
2025-02-09,15.7,0.0,57.9,2.8,998.2,12.3,cloudy,mild,delay,dry,30
2025-02-10,20.6,7.0,96.7,7.9,1008.1,7.4,rain,moderate,delay,wet,48
2025-02-11,13.7,0.0,43.9,6.5,1013.7,1.0,sunny,mild,none,dry,67
2025-02-12,18.2,0.0,55.5,11.5,1020.6,12.4,sunny,moderate,delay,dry,54
2025-02-13,21.3,0.0,45.2,8.7,1005.3,15.8,cloudy,mild,none,dry,58
2025-02-14,12.9,4.5,92.3,28.1,979.7,8.2,storm,severe,delay,flooded,57
2025-02-15,12.1,5.2,81.9,11.6,1024.7,2.2,rain,moderate,delay,wet,27
2025-02-16,13.9,3.0,93.2,25.7,990.1,7.5,storm,severe,delay,flooded,34
2025-02-17,27.9,6.8,75.7,11.3,1018.1,1.0,rain,moderate,delay,wet,55
2025-02-18,20.7,1.9,89.9,3.3,1006.4,4.0,rain,mild,delay,wet,50
2025-02-19,18.2,10.6,76.0,9.4,1016.7,1.0,rain,severe,delay,wet,44
2025-02-20,19.0,0.0,37.8,17.0,1021.0,12.5,cloudy,moderate,none,dry,45
2025-02-21,26.5,8.3,81.6,10.9,1006.6,1.0,rain,moderate,delay,wet,65
2025-02-22,22.4,0.0,42.5,1.6,989.3,11.1,cloudy,mild,none,dry,27
2025-02-23,28.5,0.0,47.5,18.5,1020.8,8.3,cloudy,moderate,delay,dry,25
2025-02-24,25.0,0.0,58.6,4.9,1016.3,7.1,sunny,mild,none,dry,49
2025-02-25,27.9,0.0,64.4,4.6,1001.6,6.3,cloudy,mild,none,dry,43
2025-02-26,21.4,13.7,74.1,11.5,1004.4,1.0,rain,severe,delay,wet,41
2025-02-27,25.7,13.0,79.4,1.4,998.7,4.0,rain,severe,cancellation,wet,57
2025-02-28,18.9,3.9,76.6,12.1,1000.9,2.8,rain,moderate,cancellation,wet,43
2025-03-01,25.8,0.0,69.4,12.0,997.7,12.7,sunny,moderate,none,dry,29
2025-03-02,19.7,1.1,98.1,10.9,1023.2,16.8,rain,moderate,none,wet,25
2025-03-03,24.4,3.8,87.2,21.2,985.1,8.0,storm,severe,cancellation,flooded,63
2025-03-04,26.3,7.9,88.8,29.0,1003.8,3.8,storm,severe,delay,flooded,58
2025-03-05,25.0,0.0,57.9,17.7,1000.4,21.6,sunny,moderate,delay,dry,53
2025-03-06,23.4,0.0,49.0,12.5,995.8,17.7,cloudy,moderate,delay,dry,60
2025-03-07,24.6,0.0,30.6,3.6,1007.1,12.2,cloudy,mild,delay,dry,45
2025-03-08,21.8,10.1,89.4,8.4,1020.7,3.1,rain,severe,cancellation,wet,20
2025-03-09,24.2,11.2,90.8,32.0,979.5,1.0,storm,severe,cancellation,flooded,26
2025-03-10,31.0,0.0,46.9,9.0,1001.8,1.0,fog,mild,none,slippery,57
2025-03-11,28.8,9.8,90.4,11.2,1019.3,1.9,rain,moderate,none,wet,51
2025-03-12,23.0,2.0,76.4,3.6,1031.9,8.1,rain,mild,none,wet,59
2025-03-13,21.9,0.0,33.7,8.7,1003.5,8.4,cloudy,mild,none,dry,59
2025-03-14,17.9,0.0,43.2,5.4,1019.7,10.4,cloudy,mild,none,dry,54
2025-03-15,15.6,11.7,77.0,26.2,977.1,8.2,storm,severe,cancellation,flooded,31
2025-03-16,33.9,0.0,34.4,11.2,1004.2,12.0,sunny,moderate,cancellation,dry,43
2025-03-17,30.9,4.8,80.6,25.1,968.9,10.6,storm,severe,cancellation,flooded,59
2025-03-18,14.9,3.2,73.7,32.7,983.7,10.3,storm,severe,delay,flooded,47
2025-03-19,30.2,4.7,92.9,10.2,1014.5,7.7,rain,moderate,delay,wet,63
2025-03-20,22.8,0.0,37.1,5.5,1007.6,11.5,cloudy,mild,none,dry,60
2025-03-21,28.6,7.3,74.2,16.0,992.5,5.7,rain,moderate,delay,wet,52
2025-03-22,17.3,9.4,84.3,8.6,1009.1,9.9,rain,moderate,delay,wet,27
2025-03-23,23.4,3.2,92.6,10.7,1005.8,12.4,rain,moderate,cancellation,wet,35
2025-03-24,24.9,2.4,99.4,2.4,1003.5,14.9,rain,mild,none,wet,50
2025-03-25,35.4,0.0,46.7,11.2,1002.2,13.7,sunny,moderate,none,dry,47
2025-03-26,31.6,0.0,39.6,11.3,992.4,10.9,sunny,moderate,delay,dry,44
2025-03-27,25.2,0.0,36.7,6.2,1009.3,19.4,sunny,mild,none,dry,39
2025-03-28,26.6,7.6,84.8,13.1,1013.2,9.4,rain,moderate,delay,wet,53
2025-03-29,26.6,2.4,71.0,22.4,993.0,7.8,storm,severe,delay,flooded,32
2025-03-30,30.7,0.0,65.5,7.0,1010.6,6.0,sunny,mild,delay,dry,29
2025-03-31,20.3,5.8,81.7,8.0,1022.3,1.0,rain,moderate,delay,wet,49
2025-04-01,20.2,2.7,82.8,12.0,1004.3,14.9,rain,moderate,delay,wet,49
2025-04-02,28.9,11.2,74.1,4.3,1009.8,1.0,rain,severe,delay,wet,60
2025-04-03,29.7,0.0,60.5,11.2,1003.7,6.5,cloudy,moderate,none,dry,46
2025-04-04,22.3,7.0,99.3,24.9,977.2,2.6,storm,severe,cancellation,flooded,61
2025-04-05,27.1,0.0,57.2,3.1,990.8,19.1,cloudy,mild,none,dry,26
2025-04-06,26.9,12.8,80.0,12.2,1008.8,1.0,rain,severe,cancellation,wet,25
2025-04-07,28.8,8.0,85.0,23.5,983.5,9.4,storm,severe,cancellation,flooded,48
2025-04-08,30.7,6.5,84.4,16.0,1009.5,10.3,rain,moderate,delay,wet,48
2025-04-09,26.9,4.4,74.3,9.8,1000.6,5.3,rain,moderate,delay,wet,54
2025-04-10,24.9,0.0,44.4,14.4,1018.8,5.3,fog,moderate,none,slippery,61
2025-04-11,25.3,0.0,49.1,8.7,1007.9,13.6,sunny,mild,none,dry,44
2025-04-12,19.8,6.7,90.8,3.1,1016.8,7.0,rain,moderate,none,wet,29
2025-04-13,22.0,0.0,52.6,3.7,1014.4,6.2,fog,mild,none,slippery,30
2025-04-14,38.0,0.0,34.3,10.8,1005.8,8.7,sunny,moderate,delay,dry,47
2025-04-15,31.0,0.0,65.5,14.6,1005.3,15.6,cloudy,moderate,delay,dry,47
2025-04-16,25.0,0.0,37.1,8.2,1009.9,16.8,cloudy,mild,delay,dry,54
2025-04-17,24.7,0.0,37.8,15.0,1011.1,15.0,cloudy,moderate,delay,dry,50
2025-04-18,17.9,0.0,36.4,5.7,1009.7,7.6,cloudy,mild,none,dry,42
2025-04-19,20.7,0.0,41.5,5.2,1004.9,11.2,cloudy,mild,none,dry,24
2025-04-20,29.7,0.0,42.9,13.5,1003.2,8.7,sunny,moderate,delay,dry,29
2025-04-21,25.4,5.2,95.6,29.8,977.5,13.5,storm,severe,cancellation,flooded,57
2025-04-22,24.2,3.6,99.2,8.6,999.0,1.0,rain,moderate,delay,wet,57
2025-04-23,25.7,0.0,58.6,3.8,1013.9,1.2,sunny,mild,none,dry,47
2025-04-24,21.1,0.0,39.8,12.1,995.2,15.3,sunny,moderate,none,dry,44
2025-04-25,24.3,0.0,41.9,9.4,997.4,15.1,cloudy,mild,none,dry,50
2025-04-26,20.5,0.6,84.8,25.5,991.2,13.5,storm,severe,cancellation,flooded,33
2025-04-27,34.5,0.0,47.3,14.4,1024.5,7.6,cloudy,moderate,none,dry,38
2025-04-28,24.1,0.0,43.2,7.5,1004.1,10.7,cloudy,mild,none,dry,52
2025-04-29,19.0,0.0,46.4,15.4,1001.7,7.5,cloudy,moderate,delay,dry,52
2025-04-30,18.4,0.0,42.4,14.0,1010.2,13.9,cloudy,moderate,cancellation,dry,52
2025-05-01,25.4,0.0,44.2,5.9,1011.5,9.1,cloudy,mild,delay,dry,49
2025-05-02,20.3,0.0,62.1,15.0,1007.8,11.9,cloudy,moderate,delay,dry,45
2025-05-03,20.4,0.0,54.4,8.9,1009.4,5.5,sunny,mild,none,dry,28
2025-05-04,24.5,0.0,51.5,14.3,1015.6,7.1,sunny,moderate,delay,dry,30
2025-05-05,24.6,0.0,36.9,3.8,996.4,5.4,cloudy,mild,delay,dry,58
2025-05-06,30.5,6.6,80.9,6.8,1009.3,7.5,rain,moderate,delay,wet,55
2025-05-07,21.9,0.0,38.6,17.0,1019.7,12.2,cloudy,moderate,delay,dry,51
2025-05-08,23.0,0.0,51.6,7.5,1030.5,1.5,cloudy,mild,none,dry,60
2025-05-09,26.0,0.0,66.4,3.2,999.8,6.8,sunny,mild,none,dry,52
2025-05-10,18.7,3.5,72.1,7.8,1026.6,4.0,rain,moderate,delay,wet,30
2025-05-11,25.3,1.6,87.7,8.0,982.9,12.1,storm,mild,none,flooded,22
2025-05-12,32.5,8.7,96.6,8.4,998.8,1.0,rain,moderate,delay,wet,49
2025-05-13,29.2,0.0,64.1,6.7,1016.0,17.0,sunny,mild,none,dry,56
2025-05-14,23.5,3.1,83.5,21.6,995.0,8.6,storm,severe,cancellation,flooded,49
2025-05-15,30.9,8.5,75.5,10.2,1002.2,9.2,rain,moderate,delay,wet,34
2025-05-16,24.2,0.0,53.5,10.0,1003.7,8.7,cloudy,mild,none,dry,54
2025-05-17,9.6,8.7,85.1,44.7,991.6,4.3,storm,severe,cancellation,flooded,21
2025-05-18,22.8,10.9,73.9,13.1,1003.8,1.0,rain,severe,cancellation,wet,27
2025-05-19,15.1,4.1,87.9,12.2,1004.9,13.1,rain,moderate,none,wet,58
2025-05-20,23.6,0.0,58.0,14.8,1006.8,3.2,cloudy,moderate,none,dry,67
2025-05-21,17.5,0.0,64.1,16.1,1010.1,2.2,sunny,moderate,delay,dry,45
2025-05-22,20.3,0.0,65.6,9.2,1006.5,20.7,cloudy,mild,none,dry,59
2025-05-23,24.1,5.9,85.0,2.3,1024.4,1.0,rain,moderate,delay,wet,45
2025-05-24,20.5,0.0,68.0,9.7,1007.1,6.2,cloudy,mild,none,dry,46
2025-05-25,17.5,0.0,44.7,8.6,1011.7,6.9,cloudy,mild,none,dry,39
2025-05-26,15.3,4.2,85.4,9.6,1006.8,7.3,rain,moderate,none,wet,57
2025-05-27,25.0,0.0,32.6,4.1,994.2,8.0,sunny,mild,none,dry,52
2025-05-28,16.8,0.0,46.5,9.7,984.9,6.2,cloudy,mild,none,dry,59
2025-05-29,10.7,8.4,79.7,9.5,1015.5,1.0,rain,moderate,delay,wet,52
2025-05-30,11.8,0.0,47.3,12.2,1004.6,10.2,cloudy,moderate,delay,dry,46
2025-05-31,16.8,0.0,67.2,2.4,1015.1,6.9,sunny,mild,none,dry,37
2025-06-01,23.2,5.8,84.6,8.6,1017.9,3.9,rain,moderate,none,wet,23
2025-06-02,15.1,0.0,39.9,17.1,997.6,16.0,cloudy,moderate,cancellation,dry,55
2025-06-03,21.3,0.0,53.7,10.9,1006.8,14.3,sunny,moderate,none,dry,31
2025-06-04,22.6,0.0,64.0,9.8,1022.7,15.5,sunny,mild,delay,dry,54
2025-06-05,16.3,0.0,35.5,8.7,993.1,14.2,sunny,mild,delay,dry,53
2025-06-06,17.4,0.0,68.4,10.6,987.7,12.8,fog,moderate,delay,slippery,63
2025-06-07,14.3,0.0,31.7,11.0,1009.7,14.5,cloudy,moderate,delay,dry,23
2025-06-08,20.1,0.0,54.3,17.0,1016.5,11.2,cloudy,moderate,delay,dry,34
2025-06-09,15.0,0.0,45.5,2.0,998.3,8.4,sunny,mild,none,dry,53
2025-06-10,20.9,0.0,36.7,16.6,993.2,14.8,sunny,moderate,delay,dry,57
2025-06-11,19.3,5.5,97.3,14.0,964.0,3.4,storm,moderate,delay,flooded,51
2025-06-12,14.3,1.9,81.8,28.1,969.6,9.1,storm,severe,cancellation,flooded,57
2025-06-13,19.1,10.9,99.7,11.5,999.4,4.4,rain,severe,cancellation,wet,47
2025-06-14,12.6,0.7,76.3,10.1,1012.9,9.1,rain,moderate,delay,wet,30
2025-06-15,11.9,3.2,91.7,1.4,997.8,5.7,rain,moderate,delay,wet,26
2025-06-16,19.7,0.0,36.5,9.1,1016.3,8.5,cloudy,mild,delay,dry,44
2025-06-17,3.1,3.5,70.7,13.9,994.1,13.8,rain,moderate,delay,wet,58
2025-06-18,16.1,0.0,40.1,10.6,999.8,14.7,cloudy,moderate,delay,dry,51
2025-06-19,10.7,5.8,86.6,16.8,1010.9,6.9,rain,moderate,delay,wet,61
2025-06-20,13.3,0.0,69.6,10.5,1012.7,6.8,sunny,moderate,delay,dry,52
2025-06-21,10.8,3.0,84.6,6.3,1025.1,1.0,rain,moderate,delay,wet,38
2025-06-22,7.4,0.0,56.4,11.1,1006.7,7.9,cloudy,moderate,delay,dry,29
2025-06-23,4.4,4.4,98.3,11.0,1017.9,4.4,rain,moderate,delay,wet,52
2025-06-24,3.6,0.0,50.4,4.5,1020.6,10.4,cloudy,mild,none,dry,44
2025-06-25,14.5,2.9,80.8,6.6,1011.8,13.4,rain,mild,delay,wet,60
2025-06-26,5.8,17.8,90.2,15.0,1003.2,1.0,rain,severe,delay,wet,51
2025-06-27,14.8,1.1,77.9,12.0,1002.6,1.0,rain,moderate,delay,wet,52
2025-06-28,10.8,0.0,56.6,3.8,1007.3,8.3,sunny,mild,none,dry,22
2025-06-29,3.5,6.9,85.3,3.4,1002.5,7.6,rain,moderate,cancellation,wet,35
2025-06-30,10.1,5.5,71.4,5.1,1015.7,4.9,rain,moderate,delay,wet,40
2025-07-01,11.9,2.6,75.3,6.1,1015.1,6.5,rain,mild,none,wet,42
2025-07-02,15.1,0.0,68.1,6.7,1012.6,8.9,sunny,mild,none,dry,45
2025-07-03,10.3,0.0,60.8,9.4,1012.3,17.6,sunny,mild,none,dry,55
2025-07-04,7.3,0.0,66.9,6.6,1006.9,16.8,fog,mild,none,slippery,55
2025-07-05,16.7,3.5,78.5,27.0,978.9,7.1,storm,severe,cancellation,flooded,32
2025-07-06,13.0,0.0,42.9,10.8,1002.2,4.2,cloudy,moderate,delay,dry,29
2025-07-07,9.3,0.0,53.2,4.6,984.8,10.7,sunny,mild,none,dry,37
2025-07-08,7.4,8.0,91.1,8.7,1022.7,4.1,rain,moderate,delay,wet,39
2025-07-09,10.5,1.7,94.5,7.9,991.1,26.4,rain,mild,delay,wet,60
2025-07-10,6.3,1.2,96.9,13.3,1007.2,8.8,rain,moderate,delay,wet,42
2025-07-11,-1.2,2.8,77.1,14.3,1012.1,4.3,rain,moderate,delay,wet,54
2025-07-12,9.6,3.7,100.0,4.9,1027.5,4.1,rain,moderate,none,wet,32
2025-07-13,-0.9,13.3,75.0,9.3,993.0,1.0,rain,severe,cancellation,wet,34
2025-07-14,3.4,0.0,51.8,12.4,993.4,6.7,sunny,moderate,none,dry,60
2025-07-15,6.9,3.4,87.9,2.1,1000.3,5.5,rain,moderate,delay,wet,53
2025-07-16,11.4,6.9,72.1,4.9,1018.4,12.1,rain,moderate,none,wet,58
2025-07-17,8.1,0.0,33.3,18.9,1020.6,8.4,fog,moderate,delay,slippery,52
2025-07-18,6.7,0.0,48.0,8.1,1007.7,11.6,fog,mild,none,slippery,66
2025-07-19,-8.0,0.0,57.2,12.9,1022.2,20.1,cloudy,moderate,delay,dry,29
2025-07-20,11.9,0.0,30.2,5.5,1007.1,5.3,cloudy,mild,none,dry,29
2025-07-21,5.0,6.8,94.3,10.7,1000.3,3.1,rain,moderate,delay,wet,55
2025-07-22,2.5,0.0,31.8,7.3,1016.7,15.3,cloudy,mild,delay,dry,46
2025-07-23,4.9,0.0,38.6,3.7,1024.4,4.2,cloudy,mild,delay,dry,57
2025-07-24,12.2,0.0,36.7,6.6,1009.0,8.1,fog,mild,none,slippery,46
2025-07-25,4.9,0.0,32.6,5.7,998.8,1.0,cloudy,mild,delay,dry,61
2025-07-26,2.9,0.0,45.2,6.2,1025.4,17.1,cloudy,mild,none,dry,29
2025-07-27,-2.0,0.9,80.8,32.5,977.6,10.0,storm,severe,delay,flooded,38
2025-07-28,7.3,0.0,55.2,25.7,1005.7,13.1,sunny,severe,cancellation,dry,58
2025-07-29,6.4,3.6,76.6,1.9,1004.5,11.8,rain,moderate,delay,wet,44
2025-07-30,-4.7,2.8,89.6,6.3,1009.4,10.5,rain,mild,delay,wet,63
2025-07-31,-5.6,2.1,89.1,4.0,1009.9,15.0,rain,mild,delay,wet,40
2025-08-01,-5.9,2.7,79.3,13.5,983.3,21.7,storm,moderate,delay,flooded,48
2025-08-02,1.0,0.0,34.2,3.7,1000.7,13.4,sunny,mild,none,dry,29
2025-08-03,8.8,0.0,42.9,5.9,1019.1,1.0,fog,mild,delay,slippery,24
2025-08-04,-1.1,5.3,76.5,28.9,974.9,6.7,storm,severe,cancellation,flooded,50
2025-08-05,-11.0,3.5,71.6,5.5,994.4,3.4,rain,moderate,cancellation,wet,46
2025-08-06,-2.2,0.0,57.1,14.0,1015.3,1.2,cloudy,moderate,delay,dry,53
2025-08-07,-7.1,0.0,62.7,10.1,1028.6,9.4,cloudy,moderate,none,dry,49
2025-08-08,-5.7,6.4,73.2,4.4,979.2,2.6,storm,moderate,none,flooded,50
2025-08-09,-1.3,7.2,93.7,7.6,1007.7,1.4,rain,moderate,delay,wet,41
2025-08-10,4.9,7.8,73.0,8.7,1016.8,10.8,rain,moderate,none,wet,24
2025-08-11,2.6,0.0,56.8,14.8,1016.1,8.3,cloudy,moderate,delay,dry,51
2025-08-12,6.1,0.0,66.4,11.9,1004.2,10.2,cloudy,moderate,cancellation,dry,48
2025-08-13,-0.9,0.0,67.5,13.2,1006.8,16.7,cloudy,moderate,delay,dry,50
2025-08-14,-3.2,6.4,86.8,14.9,1001.4,1.0,storm,moderate,none,flooded,40
2025-08-15,-4.0,6.6,90.4,48.0,1001.9,1.3,storm,severe,cancellation,flooded,56
2025-08-16,0.3,8.2,97.4,39.7,988.4,5.2,storm,severe,delay,flooded,26
2025-08-17,-8.7,4.2,72.3,22.8,981.3,1.1,storm,severe,delay,flooded,35
2025-08-18,1.9,3.6,80.0,13.2,1013.7,1.0,rain,moderate,delay,wet,50
2025-08-19,-3.4,0.0,51.9,4.7,1018.5,15.2,sunny,mild,none,dry,55
2025-08-20,-1.9,1.9,97.5,7.7,1013.8,1.0,rain,mild,none,wet,40
2025-08-21,-2.7,0.0,37.0,5.7,1006.2,13.7,fog,mild,none,slippery,53
2025-08-22,2.3,5.2,83.5,14.3,1017.5,4.2,rain,moderate,delay,wet,43
2025-08-23,5.4,0.7,83.2,19.1,993.3,19.9,rain,moderate,delay,wet,30
2025-08-24,3.3,0.0,39.5,8.9,1011.2,10.9,sunny,mild,none,dry,28
2025-08-25,3.7,4.2,74.8,12.9,1001.8,2.0,rain,moderate,delay,wet,56
2025-08-26,-8.3,0.0,47.5,12.9,1011.8,4.9,fog,moderate,delay,slippery,52
2025-08-27,-11.6,0.0,64.5,19.4,1002.2,8.0,cloudy,moderate,none,dry,67
2025-08-28,-12.4,0.0,51.9,4.6,1028.5,16.0,sunny,mild,none,dry,37
2025-08-29,7.3,0.0,40.9,8.9,1021.8,7.2,cloudy,mild,none,dry,43
2025-08-30,-4.8,0.0,56.4,11.7,994.7,7.0,fog,moderate,delay,slippery,27
2025-08-31,-6.1,0.0,34.4,4.5,992.8,5.2,cloudy,mild,delay,dry,20
2025-09-01,1.5,0.0,60.4,12.5,1003.7,1.0,cloudy,moderate,cancellation,dry,46
2025-09-02,-5.4,17.5,78.2,5.6,1022.2,1.0,rain,severe,cancellation,wet,54
2025-09-03,-5.2,3.1,74.1,8.2,1019.3,15.9,rain,moderate,none,wet,48
2025-09-04,-11.1,6.1,95.8,9.8,1013.3,13.0,rain,moderate,delay,wet,47
2025-09-05,2.7,10.8,84.5,9.6,1006.9,1.0,rain,severe,cancellation,wet,51
2025-09-06,0.6,13.5,87.8,7.5,993.1,3.2,rain,severe,cancellation,wet,35
2025-09-07,1.4,2.9,72.1,12.0,991.7,12.7,rain,moderate,none,wet,32
2025-09-08,-6.1,0.0,34.1,10.7,981.0,7.3,sunny,moderate,none,dry,50
2025-09-09,-5.1,5.4,99.3,9.8,1001.7,4.6,rain,moderate,delay,wet,61
2025-09-10,-5.5,0.0,32.1,3.3,1021.2,13.4,cloudy,mild,none,dry,57
2025-09-11,2.4,5.5,92.9,7.3,1011.9,4.2,rain,moderate,delay,wet,32
2025-09-12,-9.2,0.0,59.6,7.0,1022.2,18.3,sunny,mild,none,dry,48
2025-09-13,0.6,0.0,41.7,12.0,991.2,2.4,fog,moderate,delay,slippery,26
2025-09-14,-5.5,2.5,80.3,9.4,1017.5,9.1,rain,mild,none,wet,24
2025-09-15,-10.0,0.0,57.4,6.1,1023.5,8.0,sunny,mild,none,dry,71
2025-09-16,-11.5,0.0,61.6,4.7,1006.8,11.2,fog,mild,none,slippery,47
2025-09-17,-6.9,6.7,80.2,6.3,1005.8,15.0,rain,moderate,delay,wet,42
2025-09-18,-0.0,6.7,86.1,15.7,990.9,1.9,storm,moderate,delay,flooded,41
2025-09-19,1.2,0.0,54.3,2.3,995.6,11.4,sunny,mild,none,dry,58
2025-09-20,-6.2,7.1,91.4,2.6,1007.5,9.0,rain,moderate,delay,wet,31
2025-09-21,-4.5,8.0,77.8,17.8,1002.5,5.6,rain,moderate,delay,wet,37
2025-09-22,-4.0,5.5,85.8,11.7,997.9,1.0,rain,moderate,cancellation,wet,37
2025-09-23,-7.9,4.0,73.0,3.9,1013.6,7.7,rain,moderate,delay,wet,49
2025-09-24,-9.7,4.4,89.4,5.6,1022.6,7.3,rain,moderate,none,wet,67
2025-09-25,-0.0,8.0,77.0,39.1,979.9,4.1,storm,severe,cancellation,flooded,46
2025-09-26,-4.9,0.0,62.7,1.2,1001.9,7.7,sunny,mild,none,dry,48
2025-09-27,-10.1,2.5,86.5,3.8,1025.6,12.0,rain,mild,none,wet,26
2025-09-28,-10.8,0.0,40.9,6.8,1003.9,8.0,sunny,mild,delay,dry,25
2025-09-29,-2.5,7.7,74.0,16.0,990.7,6.7,storm,moderate,delay,flooded,58
2025-09-30,5.3,1.6,98.7,26.2,1000.0,10.6,storm,severe,delay,flooded,50
2025-10-01,-6.6,4.9,95.3,2.4,1012.5,1.0,rain,moderate,none,wet,52
2025-10-02,3.6,3.3,79.4,2.3,1004.8,8.7,rain,moderate,delay,wet,55
2025-10-03,-10.6,7.8,73.0,13.6,984.0,11.8,storm,moderate,delay,flooded,59
2025-10-04,-0.2,10.6,89.1,26.8,1000.8,2.6,storm,severe,cancellation,flooded,26
2025-10-05,-0.1,0.0,61.2,7.0,1008.1,10.5,cloudy,mild,none,dry,22
2025-10-06,-6.3,0.0,45.5,8.8,1009.1,10.8,cloudy,mild,none,dry,45
2025-10-07,-3.6,0.0,58.7,17.2,1013.1,14.3,sunny,moderate,delay,dry,37
2025-10-08,3.9,0.0,41.1,9.0,989.4,1.0,sunny,mild,delay,dry,49
2025-10-09,-15.1,0.0,65.6,14.2,1001.1,5.2,fog,moderate,delay,slippery,38
2025-10-10,-1.6,6.8,79.3,4.7,1003.1,1.0,rain,moderate,cancellation,wet,51
2025-10-11,-4.5,2.7,91.7,12.3,981.4,14.2,storm,moderate,delay,flooded,28
2025-10-12,-10.6,0.0,57.7,4.8,1006.9,9.0,sunny,mild,none,dry,29
2025-10-13,-0.9,5.1,88.1,5.6,1007.8,11.9,rain,moderate,delay,wet,47
2025-10-14,1.9,0.0,34.1,6.2,1004.0,10.6,sunny,mild,delay,dry,45
2025-10-15,-0.4,0.0,45.9,11.7,1000.8,10.5,fog,moderate,delay,slippery,42
2025-10-16,-11.8,5.4,88.5,11.3,1027.4,6.9,rain,moderate,cancellation,wet,41
2025-10-17,-5.7,2.7,93.9,4.5,1014.3,1.0,rain,mild,none,wet,42
2025-10-18,-6.8,0.0,34.5,3.6,1011.2,8.9,cloudy,mild,none,dry,31
2025-10-19,-2.9,0.0,62.5,16.1,1015.7,11.3,sunny,moderate,none,dry,27
2025-10-20,2.0,1.1,92.4,40.0,983.1,13.6,storm,severe,cancellation,flooded,43
2025-10-21,4.8,2.7,74.1,4.2,990.5,12.8,storm,mild,none,flooded,59
2025-10-22,-1.7,1.6,86.4,29.9,1003.5,11.7,storm,severe,delay,flooded,47
2025-10-23,-3.0,0.0,45.0,4.4,985.4,5.1,sunny,mild,delay,dry,56
2025-10-24,-2.4,0.0,31.5,12.7,993.7,9.8,sunny,moderate,none,dry,42
2025-10-25,-2.0,0.0,68.1,7.3,1009.2,16.6,cloudy,mild,none,dry,31
2025-10-26,-6.3,0.0,49.3,6.3,1016.6,2.1,cloudy,mild,none,dry,18
2025-10-27,0.1,4.7,86.5,4.0,1015.1,7.9,rain,moderate,cancellation,wet,43
2025-10-28,-8.6,3.9,82.5,6.8,1002.0,12.0,rain,moderate,cancellation,wet,48
2025-10-29,-9.7,1.3,78.4,7.7,1032.6,9.2,rain,mild,none,wet,48
2025-10-30,-7.4,0.0,38.3,6.4,1015.0,16.1,cloudy,mild,none,dry,50
2025-10-31,-6.3,0.0,53.4,4.4,1021.5,16.2,cloudy,mild,none,dry,49
2025-11-01,1.9,0.0,38.2,8.9,1017.4,13.1,cloudy,mild,none,dry,22
2025-11-02,-1.6,18.5,81.3,19.6,1009.8,1.0,rain,severe,cancellation,wet,38
2025-11-03,4.7,0.0,61.5,13.0,1028.8,10.7,fog,moderate,cancellation,slippery,40
2025-11-04,2.4,3.1,76.4,14.3,1011.5,10.9,rain,moderate,delay,wet,47
2025-11-05,-2.9,0.0,62.0,10.0,1023.2,9.0,cloudy,mild,none,dry,53
2025-11-06,-7.2,0.0,30.7,10.6,1000.1,5.9,sunny,moderate,delay,dry,44
2025-11-07,2.4,6.5,91.2,7.4,1020.5,2.4,rain,moderate,none,wet,44
2025-11-08,0.7,0.0,39.5,9.9,1018.0,10.0,cloudy,mild,none,dry,19
2025-11-09,-1.5,1.4,80.3,15.9,1009.9,7.9,rain,moderate,none,wet,39
2025-11-10,1.4,4.4,81.0,35.5,987.6,1.0,storm,severe,cancellation,flooded,55
2025-11-11,3.6,0.0,46.6,8.8,1014.0,10.3,cloudy,mild,delay,dry,54
2025-11-12,0.6,3.2,80.8,15.1,979.8,3.1,storm,moderate,none,flooded,54
2025-11-13,-1.9,4.0,95.2,17.5,1022.3,16.2,rain,moderate,none,wet,50
2025-11-14,-5.7,3.2,71.0,5.7,1010.9,4.6,rain,moderate,delay,wet,45
2025-11-15,3.4,0.0,54.1,6.7,1021.3,20.3,fog,mild,none,slippery,28
2025-11-16,0.2,7.2,95.2,10.3,1009.6,4.6,rain,moderate,none,wet,30
2025-11-17,0.7,4.7,75.8,17.9,974.5,3.9,storm,moderate,none,flooded,42
2025-11-18,-3.4,2.1,91.4,12.2,996.9,16.2,rain,moderate,cancellation,wet,71
2025-11-19,-0.6,2.4,79.9,8.6,1015.7,8.4,rain,mild,none,wet,53
2025-11-20,1.5,1.6,90.0,4.8,1014.2,2.8,rain,mild,none,wet,64
2025-11-21,-3.5,0.0,34.5,3.1,995.3,10.4,cloudy,mild,delay,dry,56
2025-11-22,0.9,1.6,73.7,11.1,977.8,20.5,storm,moderate,delay,flooded,22
2025-11-23,5.6,6.1,83.0,8.7,996.8,10.6,rain,moderate,none,wet,34
2025-11-24,-0.7,2.3,75.6,8.6,984.3,14.2,storm,mild,none,flooded,47
2025-11-25,1.4,0.0,64.0,9.0,1010.0,10.9,sunny,mild,none,dry,51
2025-11-26,2.6,0.0,35.9,13.5,1017.1,12.1,sunny,moderate,none,dry,63
2025-11-27,6.0,9.7,99.5,7.5,1014.6,3.5,rain,moderate,delay,wet,44
2025-11-28,2.8,0.0,40.8,3.4,1009.1,7.1,cloudy,mild,none,dry,44
2025-11-29,7.4,0.0,43.4,10.6,1019.4,11.5,cloudy,moderate,delay,dry,29
2025-11-30,-3.7,3.5,75.6,4.8,982.4,3.1,storm,moderate,delay,flooded,34
2025-12-01,8.4,0.0,59.5,1.5,1005.0,5.2,sunny,mild,none,dry,55
2025-12-02,-0.8,0.0,60.9,13.9,1027.4,10.9,sunny,moderate,delay,dry,48
2025-12-03,-0.0,5.5,76.6,6.3,1000.1,2.1,rain,moderate,delay,wet,43
2025-12-04,2.0,0.0,55.4,9.8,1017.8,10.4,fog,mild,none,slippery,46
2025-12-05,-1.3,5.0,96.6,8.1,1028.3,9.3,rain,moderate,delay,wet,51
2025-12-06,3.7,0.0,43.0,5.9,1003.5,10.5,cloudy,mild,none,dry,27
2025-12-07,-5.9,4.7,83.1,9.1,1008.0,1.0,rain,moderate,delay,wet,30
2025-12-08,5.1,2.0,81.2,6.6,1001.3,13.5,rain,mild,none,wet,58
2025-12-09,-3.1,2.5,99.1,15.2,1032.1,14.4,rain,moderate,none,wet,42
2025-12-10,8.0,9.3,75.2,9.9,994.2,1.6,rain,moderate,none,wet,60
2025-12-11,2.5,3.0,89.8,21.0,1009.7,5.2,rain,severe,delay,wet,47
2025-12-12,-5.9,0.0,63.6,4.5,1007.2,8.1,sunny,mild,none,dry,62
2025-12-13,7.1,7.2,95.1,5.0,1017.6,6.2,rain,moderate,delay,wet,27
2025-12-14,6.6,0.7,80.1,17.9,1015.0,11.4,rain,moderate,delay,wet,28
2025-12-15,2.0,0.0,45.5,14.8,1017.4,16.1,sunny,moderate,delay,dry,52
2025-12-16,7.6,3.3,87.4,10.4,998.9,13.4,rain,moderate,none,wet,49
2025-12-17,6.9,0.0,43.4,5.4,1005.4,9.9,sunny,mild,none,dry,48
2025-12-18,7.3,0.0,51.2,21.8,1008.2,4.5,cloudy,severe,cancellation,dry,42
2025-12-19,10.7,8.0,91.3,6.8,1008.1,7.0,rain,moderate,none,wet,35
2025-12-20,1.3,0.0,61.9,9.0,1019.5,1.4,cloudy,mild,delay,dry,34
2025-12-21,11.3,4.8,82.3,5.6,1004.7,4.4,rain,moderate,delay,wet,31
2025-12-22,9.6,0.0,66.6,2.9,992.5,1.7,sunny,mild,none,dry,44
2025-12-23,0.5,0.0,42.2,13.4,1020.7,9.6,sunny,moderate,delay,dry,44
2025-12-24,13.8,0.0,43.9,3.3,1011.6,16.8,sunny,mild,delay,dry,48
2025-12-25,9.3,0.0,50.6,3.1,1008.2,7.2,cloudy,mild,none,dry,48
2025-12-26,8.9,8.5,79.4,12.3,1015.1,3.1,rain,moderate,delay,wet,42
2025-12-27,6.8,1.2,83.7,14.5,1023.1,1.0,rain,moderate,none,wet,24
2025-12-28,16.8,2.0,86.7,7.4,1006.7,12.0,rain,mild,none,wet,30
2025-12-29,0.0,4.4,83.6,9.6,1009.2,1.0,rain,moderate,none,wet,43
2025-12-30,14.4,6.9,88.4,7.7,1011.3,14.3,rain,moderate,delay,wet,53
2025-12-31,17.5,0.0,50.8,10.1,1017.7,7.4,sunny,moderate,none,dry,51
2026-01-01,19.8,0.0,45.8,6.7,1002.6,14.0,cloudy,mild,none,dry,49
2026-01-02,9.2,3.3,81.2,22.6,983.8,12.3,storm,severe,delay,flooded,64
2026-01-03,18.2,0.0,52.9,4.4,1010.6,9.8,sunny,mild,delay,dry,24
2026-01-04,18.3,2.1,91.4,17.1,1002.6,8.3,rain,moderate,delay,wet,22
2026-01-05,19.8,3.6,73.7,12.4,1023.3,4.3,rain,moderate,delay,wet,56
2026-01-06,8.6,2.5,98.6,17.2,1017.2,5.3,rain,moderate,delay,wet,56
2026-01-07,8.8,3.7,72.4,5.6,1013.5,13.4,rain,moderate,none,wet,54
2026-01-08,18.5,2.2,87.2,11.6,976.6,13.2,storm,moderate,none,flooded,49
2026-01-09,9.6,2.3,75.7,29.8,984.8,14.6,storm,severe,cancellation,flooded,64
2026-01-10,14.0,0.0,57.9,12.5,996.6,5.6,sunny,moderate,none,dry,33
2026-01-11,7.5,0.0,55.2,5.4,1018.3,12.4,cloudy,mild,delay,dry,31
2026-01-12,14.8,0.0,30.5,15.0,1009.7,12.6,cloudy,moderate,none,dry,48
2026-01-13,8.7,3.2,77.8,13.5,1006.7,6.6,storm,moderate,none,flooded,42
2026-01-14,21.3,0.0,49.6,5.3,993.9,1.0,sunny,mild,none,dry,58
2026-01-15,10.2,0.0,50.5,3.7,1002.3,7.5,cloudy,mild,none,dry,54
2026-01-16,15.3,0.0,41.4,3.2,1010.4,10.3,cloudy,mild,none,dry,46
2026-01-17,19.6,0.0,56.8,11.3,1003.6,14.0,cloudy,moderate,delay,dry,35
2026-01-18,13.4,0.0,50.6,2.6,1019.4,16.5,fog,mild,none,slippery,29
2026-01-19,9.0,6.0,90.5,12.0,990.9,8.3,storm,moderate,none,flooded,63
2026-01-20,17.4,0.0,34.9,9.5,1017.5,7.1,cloudy,mild,delay,dry,50
2026-01-21,18.1,0.0,53.2,3.9,1005.7,9.7,cloudy,mild,delay,dry,49
2026-01-22,20.5,5.7,71.1,5.0,973.8,7.0,storm,moderate,delay,flooded,60
2026-01-23,21.7,0.0,37.3,9.8,1021.1,13.8,cloudy,mild,delay,dry,41
2026-01-24,17.1,4.5,86.0,18.7,980.4,7.5,storm,moderate,delay,flooded,32
2026-01-25,20.1,9.5,92.9,16.3,995.6,2.9,rain,moderate,delay,wet,35
2026-01-26,15.3,0.0,40.3,13.6,1008.2,6.8,sunny,moderate,none,dry,52
2026-01-27,14.9,8.8,92.5,7.1,1008.5,2.0,rain,moderate,delay,wet,62
2026-01-28,27.8,0.0,69.3,8.3,1018.3,6.3,sunny,mild,none,dry,65
2026-01-29,18.7,0.0,44.0,5.7,1006.6,12.1,sunny,mild,none,dry,39
2026-01-30,10.5,0.0,39.8,14.8,1024.7,12.0,sunny,moderate,delay,dry,50
2026-01-31,14.4,5.8,72.3,16.1,1000.6,1.0,storm,moderate,delay,flooded,25
2026-02-01,19.0,4.8,85.4,18.4,1026.2,5.3,rain,moderate,delay,wet,45
2026-02-02,19.2,0.0,43.9,4.5,995.6,16.1,sunny,mild,none,dry,51
2026-02-03,27.0,0.0,38.6,18.9,1008.1,3.3,cloudy,moderate,none,dry,67
2026-02-04,24.0,9.8,90.7,19.2,1013.1,5.3,rain,moderate,delay,wet,45
2026-02-05,21.4,0.0,62.7,5.4,992.3,3.9,cloudy,mild,none,dry,46
2026-02-06,20.9,5.2,80.7,10.2,1008.3,11.7,rain,moderate,delay,wet,40
2026-02-07,23.6,1.1,79.3,27.6,965.5,7.1,storm,severe,cancellation,flooded,31
2026-02-08,18.5,0.0,48.8,8.8,1032.7,10.9,cloudy,mild,none,dry,23
2026-02-09,18.3,0.0,60.3,4.3,1020.0,15.1,sunny,mild,none,dry,39
2026-02-10,21.2,0.6,80.6,4.3,1007.2,14.5,rain,mild,delay,wet,59
2026-02-11,22.7,0.0,40.3,2.8,1007.2,6.9,cloudy,mild,none,dry,51
2026-02-12,24.7,1.2,84.7,2.5,1017.8,13.6,rain,mild,none,wet,49
2026-02-13,22.8,0.0,48.3,10.1,1015.0,8.6,sunny,moderate,none,dry,42
2026-02-14,25.3,4.9,86.2,8.6,1012.8,4.8,rain,moderate,none,wet,21
2026-02-15,20.7,0.0,65.8,4.8,1009.1,10.9,cloudy,mild,none,dry,37
2026-02-16,18.6,0.0,33.9,23.3,1025.3,9.7,cloudy,severe,cancellation,dry,62
2026-02-17,26.8,0.0,33.3,4.1,1022.4,8.7,cloudy,mild,delay,dry,55
2026-02-18,21.2,0.0,36.9,7.4,990.6,4.3,sunny,mild,none,dry,50
2026-02-19,18.8,0.0,55.5,15.0,1020.9,16.2,cloudy,moderate,delay,dry,37
2026-02-20,25.5,0.0,38.7,1.1,1002.4,13.6,sunny,mild,none,dry,54
2026-02-21,24.6,0.0,37.3,3.0,1031.4,8.3,sunny,mild,none,dry,25
2026-02-22,17.9,17.0,73.8,11.3,1010.5,1.0,rain,severe,cancellation,wet,28
2026-02-23,20.5,3.5,87.4,45.1,965.4,4.9,storm,severe,delay,flooded,41
2026-02-24,21.5,1.9,72.8,6.6,1013.0,8.3,rain,mild,none,wet,53
2026-02-25,24.2,8.2,97.7,8.6,1013.4,5.1,rain,moderate,delay,wet,46
2026-02-26,14.1,0.0,63.2,4.0,1017.1,12.0,cloudy,mild,none,dry,46
2026-02-27,24.7,0.0,55.2,3.0,1043.8,12.6,fog,mild,none,slippery,56
2026-02-28,20.3,5.1,94.2,9.7,1027.7,1.0,rain,moderate,delay,wet,32
2026-03-01,29.8,0.0,68.8,9.8,1017.6,20.0,sunny,mild,none,dry,35
2026-03-02,25.2,12.1,80.2,10.3,1001.1,1.0,rain,severe,delay,wet,58
2026-03-03,14.2,4.1,84.2,4.3,1009.2,8.2,rain,moderate,delay,wet,43
2026-03-04,19.6,0.0,69.4,2.0,1017.8,3.6,fog,mild,none,slippery,59
2026-03-05,17.9,0.0,68.9,15.7,1001.7,6.5,sunny,moderate,delay,dry,37
2026-03-06,20.3,1.9,76.6,11.7,1011.8,6.7,rain,moderate,delay,wet,56
2026-03-07,25.6,6.0,71.0,8.6,1020.1,4.8,rain,moderate,delay,wet,40
2026-03-08,21.7,0.0,45.8,5.1,1012.6,9.9,cloudy,mild,delay,dry,29
2026-03-09,17.4,0.0,38.3,14.5,988.2,9.7,sunny,moderate,delay,dry,58
2026-03-10,31.7,0.0,54.5,4.0,1009.3,12.6,sunny,mild,none,dry,52
2026-03-11,22.1,6.6,89.6,9.1,988.3,1.0,rain,moderate,delay,wet,58
2026-03-12,22.2,18.1,71.9,11.3,1014.3,2.0,rain,severe,cancellation,wet,60
2026-03-13,23.6,5.2,80.1,16.2,992.0,5.9,storm,moderate,none,flooded,44
2026-03-14,25.9,12.7,75.4,20.1,1005.9,1.0,rain,severe,cancellation,wet,31
2026-03-15,25.2,0.0,69.6,16.6,1005.2,6.7,sunny,moderate,none,dry,35
2026-03-16,20.4,0.0,57.1,13.6,1025.4,11.7,cloudy,moderate,none,dry,47
2026-03-17,33.9,1.6,85.5,7.9,995.5,2.6,rain,mild,none,wet,56
2026-03-18,20.0,0.0,37.4,9.6,1003.7,2.1,cloudy,mild,none,dry,51
2026-03-19,31.0,0.0,65.2,6.4,1015.2,15.8,cloudy,mild,none,dry,51
2026-03-20,26.7,0.0,63.4,8.0,1021.8,15.7,sunny,mild,delay,dry,58
2026-03-21,25.3,1.8,89.5,9.0,1009.7,1.0,rain,mild,delay,wet,22
2026-03-22,27.6,2.8,85.7,35.9,987.0,6.4,storm,severe,delay,flooded,27
2026-03-23,30.3,0.0,62.3,4.6,1005.7,4.6,sunny,mild,none,dry,47
2026-03-24,27.6,0.0,30.5,22.8,1033.3,16.5,fog,severe,cancellation,slippery,51
2026-03-25,21.9,4.5,86.0,15.1,996.4,1.0,storm,moderate,none,flooded,47
2026-03-26,26.2,0.0,67.2,8.6,1021.1,12.3,sunny,mild,none,dry,47
2026-03-27,34.7,0.0,47.1,12.8,1008.3,5.1,cloudy,moderate,delay,dry,44
2026-03-28,13.1,0.0,50.7,12.2,1024.7,17.5,sunny,moderate,delay,dry,38
2026-03-29,28.7,3.0,72.0,4.7,989.0,15.1,rain,moderate,delay,wet,34
2026-03-30,10.2,1.2,86.1,11.6,1031.0,1.0,rain,moderate,delay,wet,54
2026-03-31,21.5,0.0,37.5,5.9,1025.5,6.9,fog,mild,delay,slippery,64
2026-04-01,29.2,3.2,77.6,18.8,1013.3,1.0,rain,moderate,none,wet,52
2026-04-02,25.1,3.7,79.2,0.4,1002.7,1.0,rain,moderate,none,wet,50
2026-04-03,23.9,0.0,62.4,8.6,1023.8,18.7,cloudy,mild,none,dry,56
2026-04-04,21.9,1.6,93.6,31.6,978.5,1.0,storm,severe,cancellation,flooded,34
2026-04-05,32.7,5.0,95.3,9.4,1021.4,8.9,rain,moderate,none,wet,33
2026-04-06,16.6,2.1,82.5,4.6,1007.7,15.5,rain,mild,delay,wet,52
2026-04-07,21.4,0.0,31.4,10.8,1005.0,12.7,cloudy,moderate,delay,dry,48
2026-04-08,23.2,17.0,72.3,31.3,985.7,1.0,storm,severe,delay,flooded,41
2026-04-09,29.2,7.7,71.0,21.0,983.9,2.9,storm,severe,cancellation,flooded,55
2026-04-10,21.8,11.5,92.2,21.2,995.1,16.2,storm,severe,delay,flooded,64
2026-04-11,24.8,1.9,72.1,6.4,1005.9,13.7,rain,mild,delay,wet,30
2026-04-12,24.3,3.0,87.1,6.0,1014.1,5.1,rain,mild,none,wet,31
2026-04-13,26.5,0.0,50.1,7.0,1021.2,12.2,sunny,mild,none,dry,56
2026-04-14,26.2,1.2,86.8,2.1,1009.6,1.9,rain,mild,none,wet,55
